use LuxeVoyage;
-- =====================================================================
-- LUXE VOYAGE - INSERTS (PARTE SCHNEIDER) - 200 REGISTROS POR TABELA
-- Tabelas: Solicitacao_SLA, Cotacao_Personalizadas, Item_Cotacao,
-- Propostas_Comerciais, Contrato_Digital, Viagem, Pagamento_Contrato,
-- Consentimentos_LGPD, Log_Acesso
-- =====================================================================

-- BLOCO 1: SOLICITACAO_SLA (200 registros)
INSERT INTO Solicitacao_SLA (id_oportunidade, id_parceiro, data_envio, status)
VALUES
(164, 29, '2025-01-20 10:14:03', 'Aceita pelo Parceiro'),
(63, 58, '2025-04-19 09:10:31', 'Aceita pelo Parceiro'),
(174, 190, '2026-02-28 14:22:08', 'Enviada'),
(109, 9, '2025-01-24 03:27:37', 'Enviada'),
(60, 130, '2026-04-13 14:26:33', 'Enviada'),
(51, 184, '2026-05-20 18:43:26', 'Aceita pelo Parceiro'),
(108, 57, '2025-12-15 21:51:48', 'Aceita pelo Parceiro'),
(2, 195, '2025-05-05 00:15:55', 'Aceita pelo Parceiro'),
(88, 72, '2025-05-01 18:20:52', 'Enviada'),
(196, 87, '2025-03-21 09:20:15', 'Enviada'),
(25, 92, '2025-09-25 03:47:57', 'Aceita pelo Parceiro'),
(12, 187, '2025-12-23 20:18:01', 'Respondida'),
(97, 21, '2026-03-05 18:46:59', 'Enviada'),
(161, 159, '2025-10-08 21:21:55', 'Aceita pelo Parceiro'),
(181, 18, '2025-02-05 14:13:42', 'Aceita pelo Parceiro'),
(198, 75, '2025-03-03 23:25:48', 'Expirada'),
(26, 98, '2025-08-04 21:48:12', 'Respondida'),
(94, 42, '2025-10-15 12:40:24', 'Respondida'),
(172, 69, '2026-06-30 02:52:43', 'Expirada'),
(166, 19, '2026-04-19 03:01:29', 'Aceita pelo Parceiro'),
(137, 187, '2025-07-10 03:36:23', 'Enviada'),
(98, 70, '2026-05-13 02:27:36', 'Aceita pelo Parceiro'),
(57, 176, '2025-09-09 21:04:05', 'Recusada pelo Parceiro'),
(199, 15, '2025-06-27 21:45:55', 'Recusada pelo Parceiro'),
(81, 103, '2025-07-27 23:03:06', 'Enviada'),
(146, 184, '2025-09-02 10:01:15', 'Enviada'),
(128, 102, '2026-05-15 07:37:38', 'Respondida'),
(68, 36, '2025-07-11 13:28:11', 'Aceita pelo Parceiro'),
(138, 68, '2026-03-31 01:28:21', 'Respondida'),
(150, 103, '2025-10-09 04:06:10', 'Enviada'),
(36, 131, '2026-01-19 07:48:07', 'Enviada'),
(13, 29, '2025-04-29 17:10:07', 'Aceita pelo Parceiro'),
(175, 109, '2026-04-09 05:52:12', 'Enviada'),
(98, 153, '2025-12-30 13:04:56', 'Respondida'),
(142, 3, '2026-06-13 09:24:06', 'Aceita pelo Parceiro'),
(175, 138, '2025-07-27 05:58:55', 'Recusada pelo Parceiro'),
(88, 29, '2025-08-16 23:14:20', 'Respondida'),
(117, 1, '2025-07-24 13:55:39', 'Cancelada'),
(196, 46, '2026-01-30 07:52:20', 'Expirada'),
(161, 77, '2026-05-12 06:52:54', 'Respondida'),
(51, 40, '2025-10-18 10:15:33', 'Recusada pelo Parceiro'),
(139, 200, '2026-02-16 22:30:32', 'Expirada'),
(154, 83, '2026-01-15 12:16:14', 'Enviada'),
(93, 79, '2025-07-05 23:42:52', 'Enviada'),
(146, 21, '2025-03-08 12:41:45', 'Aceita pelo Parceiro'),
(18, 195, '2026-02-18 18:21:45', 'Recusada pelo Parceiro'),
(33, 169, '2026-01-05 03:54:20', 'Expirada'),
(43, 68, '2026-02-14 20:33:08', 'Expirada'),
(109, 55, '2026-02-23 21:12:27', 'Recusada pelo Parceiro'),
(177, 52, '2025-08-31 02:48:46', 'Respondida'),
(172, 167, '2025-10-18 01:03:45', 'Respondida'),
(133, 116, '2025-04-04 23:40:54', 'Enviada'),
(17, 87, '2025-01-17 08:06:25', 'Aceita pelo Parceiro'),
(59, 151, '2025-06-21 01:08:58', 'Enviada'),
(182, 162, '2025-02-15 17:29:11', 'Enviada'),
(9, 85, '2025-02-25 00:52:36', 'Respondida'),
(72, 172, '2026-01-13 00:46:55', 'Enviada'),
(34, 186, '2026-03-20 13:00:53', 'Aceita pelo Parceiro'),
(63, 122, '2025-11-13 04:08:51', 'Enviada'),
(25, 169, '2025-12-01 19:22:35', 'Respondida'),
(106, 120, '2025-02-12 01:49:26', 'Aceita pelo Parceiro'),
(166, 26, '2025-02-17 01:54:07', 'Respondida'),
(87, 28, '2025-07-13 03:17:24', 'Enviada'),
(138, 115, '2025-04-19 21:11:14', 'Respondida'),
(72, 119, '2025-07-14 00:43:46', 'Expirada'),
(20, 114, '2026-03-04 10:48:26', 'Enviada'),
(167, 139, '2025-01-12 11:06:22', 'Cancelada'),
(193, 61, '2025-05-10 04:15:49', 'Respondida'),
(124, 55, '2025-11-08 11:55:58', 'Expirada'),
(43, 98, '2025-01-02 16:10:44', 'Cancelada'),
(68, 117, '2025-08-10 13:25:51', 'Respondida'),
(188, 143, '2026-05-30 02:10:31', 'Aceita pelo Parceiro'),
(40, 49, '2025-08-19 11:02:05', 'Enviada'),
(15, 149, '2026-02-26 03:15:04', 'Enviada'),
(81, 15, '2025-02-08 22:43:15', 'Aceita pelo Parceiro'),
(129, 136, '2025-05-03 06:45:31', 'Enviada'),
(131, 21, '2025-05-25 08:01:42', 'Enviada'),
(18, 173, '2025-07-02 16:31:06', 'Respondida'),
(146, 64, '2026-03-26 15:50:00', 'Aceita pelo Parceiro'),
(159, 21, '2025-11-22 14:55:07', 'Aceita pelo Parceiro'),
(145, 134, '2025-09-03 17:33:40', 'Expirada'),
(53, 172, '2025-09-02 00:48:42', 'Enviada'),
(102, 34, '2026-06-06 17:12:47', 'Aceita pelo Parceiro'),
(118, 81, '2025-02-26 08:18:06', 'Enviada'),
(160, 145, '2025-03-19 15:47:08', 'Enviada'),
(55, 130, '2025-07-25 23:41:38', 'Enviada'),
(90, 18, '2025-07-09 17:47:29', 'Respondida'),
(41, 113, '2026-02-26 22:19:00', 'Aceita pelo Parceiro'),
(157, 168, '2026-02-15 20:10:09', 'Enviada'),
(142, 77, '2026-05-31 06:27:43', 'Enviada'),
(35, 68, '2025-03-31 15:44:46', 'Expirada'),
(191, 142, '2025-05-01 17:45:32', 'Enviada'),
(155, 54, '2025-09-24 07:45:06', 'Enviada'),
(163, 68, '2026-01-28 13:30:27', 'Respondida'),
(14, 24, '2026-05-08 15:55:08', 'Respondida'),
(71, 12, '2025-01-03 18:05:47', 'Respondida'),
(34, 164, '2025-07-23 11:12:00', 'Enviada'),
(114, 142, '2025-11-29 04:39:43', 'Aceita pelo Parceiro'),
(29, 20, '2026-06-21 17:32:21', 'Expirada'),
(140, 10, '2025-10-14 18:41:05', 'Aceita pelo Parceiro'),
(38, 111, '2025-04-09 23:45:24', 'Enviada'),
(94, 11, '2025-10-05 22:02:51', 'Enviada'),
(64, 171, '2025-03-21 20:12:43', 'Respondida'),
(144, 105, '2026-04-28 01:58:08', 'Aceita pelo Parceiro'),
(61, 42, '2025-05-18 12:29:43', 'Expirada'),
(7, 46, '2025-09-16 00:23:09', 'Recusada pelo Parceiro'),
(106, 172, '2025-07-12 18:10:21', 'Enviada'),
(180, 28, '2025-10-25 03:05:40', 'Expirada'),
(121, 57, '2025-06-05 00:18:25', 'Recusada pelo Parceiro'),
(118, 90, '2025-08-26 01:10:12', 'Recusada pelo Parceiro'),
(59, 58, '2025-01-19 09:08:13', 'Aceita pelo Parceiro'),
(103, 85, '2025-08-05 09:32:14', 'Expirada'),
(198, 72, '2025-09-30 17:50:17', 'Aceita pelo Parceiro'),
(103, 174, '2026-02-21 11:47:08', 'Respondida'),
(8, 30, '2025-07-22 21:24:15', 'Enviada'),
(68, 10, '2025-03-26 04:46:11', 'Aceita pelo Parceiro'),
(89, 187, '2025-09-01 15:22:08', 'Respondida'),
(131, 30, '2025-10-27 04:33:47', 'Expirada'),
(49, 66, '2025-02-04 11:25:29', 'Aceita pelo Parceiro'),
(1, 134, '2026-02-23 05:28:21', 'Aceita pelo Parceiro'),
(190, 189, '2026-06-05 21:25:17', 'Enviada'),
(111, 18, '2026-05-31 22:17:16', 'Expirada'),
(160, 81, '2026-05-31 06:26:19', 'Recusada pelo Parceiro'),
(185, 77, '2026-01-29 21:26:55', 'Respondida'),
(105, 84, '2025-11-09 13:17:12', 'Aceita pelo Parceiro'),
(142, 33, '2025-05-30 00:09:30', 'Respondida'),
(98, 174, '2025-05-16 04:06:17', 'Aceita pelo Parceiro'),
(78, 104, '2026-03-02 14:17:23', 'Recusada pelo Parceiro'),
(78, 74, '2025-06-13 06:05:21', 'Respondida'),
(149, 156, '2026-05-24 12:35:50', 'Respondida'),
(114, 114, '2026-06-09 18:36:16', 'Enviada'),
(122, 189, '2025-05-12 19:16:36', 'Aceita pelo Parceiro'),
(73, 132, '2026-05-31 15:07:56', 'Aceita pelo Parceiro'),
(86, 24, '2025-07-02 10:16:04', 'Aceita pelo Parceiro'),
(58, 51, '2025-04-25 10:52:37', 'Enviada'),
(63, 122, '2026-04-20 18:58:21', 'Recusada pelo Parceiro'),
(19, 117, '2025-11-18 21:44:25', 'Expirada'),
(148, 50, '2026-06-25 20:59:02', 'Respondida'),
(103, 63, '2025-04-25 14:55:45', 'Aceita pelo Parceiro'),
(2, 193, '2025-03-24 18:55:52', 'Recusada pelo Parceiro'),
(57, 46, '2026-06-25 12:44:08', 'Respondida'),
(13, 143, '2025-07-13 13:23:33', 'Expirada'),
(32, 117, '2025-04-14 13:37:15', 'Recusada pelo Parceiro'),
(171, 136, '2026-03-11 03:07:21', 'Aceita pelo Parceiro'),
(194, 114, '2026-04-21 20:40:01', 'Recusada pelo Parceiro'),
(130, 110, '2026-03-02 13:04:24', 'Respondida'),
(41, 191, '2026-01-04 16:34:22', 'Respondida'),
(193, 64, '2026-05-11 06:52:14', 'Enviada'),
(200, 134, '2026-01-12 09:32:35', 'Aceita pelo Parceiro'),
(71, 113, '2025-03-02 04:23:39', 'Aceita pelo Parceiro'),
(61, 70, '2025-09-18 20:39:06', 'Respondida'),
(139, 21, '2025-04-18 11:28:46', 'Enviada'),
(99, 178, '2025-04-29 16:29:47', 'Aceita pelo Parceiro'),
(17, 107, '2025-11-13 14:12:10', 'Respondida'),
(120, 107, '2025-02-18 08:43:01', 'Enviada'),
(108, 100, '2026-03-30 16:01:45', 'Expirada'),
(6, 196, '2026-03-24 03:38:45', 'Respondida'),
(2, 91, '2025-08-20 22:32:35', 'Recusada pelo Parceiro'),
(108, 138, '2026-03-01 04:38:38', 'Recusada pelo Parceiro'),
(57, 125, '2025-06-20 10:18:56', 'Enviada'),
(125, 8, '2025-10-30 00:49:25', 'Respondida'),
(174, 104, '2025-05-09 04:39:24', 'Recusada pelo Parceiro'),
(33, 160, '2026-02-19 20:47:10', 'Enviada'),
(101, 152, '2026-03-15 09:01:44', 'Aceita pelo Parceiro'),
(22, 165, '2025-11-29 21:55:16', 'Enviada'),
(119, 47, '2025-02-09 01:22:24', 'Enviada'),
(84, 55, '2025-12-20 04:12:35', 'Respondida'),
(195, 98, '2025-08-05 03:04:45', 'Recusada pelo Parceiro'),
(108, 65, '2025-03-05 14:50:34', 'Respondida'),
(192, 139, '2025-02-10 10:56:45', 'Cancelada'),
(90, 58, '2026-05-20 23:33:51', 'Enviada'),
(167, 11, '2025-01-25 02:26:27', 'Expirada'),
(52, 6, '2026-04-28 14:32:10', 'Enviada'),
(33, 122, '2026-06-04 23:37:02', 'Enviada'),
(56, 120, '2026-06-28 06:58:19', 'Enviada'),
(95, 43, '2026-04-16 14:39:30', 'Aceita pelo Parceiro'),
(192, 184, '2025-03-30 23:02:50', 'Recusada pelo Parceiro'),
(42, 80, '2025-03-25 23:06:24', 'Aceita pelo Parceiro'),
(80, 148, '2026-06-11 02:40:06', 'Expirada'),
(97, 102, '2025-06-04 01:08:06', 'Enviada'),
(177, 161, '2025-07-08 15:02:26', 'Enviada'),
(198, 78, '2026-06-16 11:30:46', 'Aceita pelo Parceiro'),
(31, 145, '2025-02-01 21:35:02', 'Respondida'),
(110, 170, '2025-10-15 19:56:30', 'Enviada'),
(166, 88, '2025-01-10 19:51:11', 'Recusada pelo Parceiro'),
(126, 28, '2025-12-03 17:27:42', 'Cancelada'),
(163, 118, '2025-04-29 19:57:42', 'Respondida'),
(188, 134, '2026-05-21 05:24:18', 'Enviada'),
(138, 199, '2026-01-11 13:02:48', 'Respondida'),
(188, 152, '2025-07-28 11:15:19', 'Respondida'),
(63, 23, '2025-08-05 15:35:57', 'Expirada'),
(63, 193, '2025-12-27 22:47:37', 'Aceita pelo Parceiro'),
(172, 98, '2025-09-19 06:53:15', 'Enviada'),
(84, 47, '2026-01-14 16:35:22', 'Enviada'),
(67, 88, '2025-08-06 05:12:43', 'Expirada'),
(180, 71, '2026-03-08 16:41:44', 'Enviada'),
(49, 22, '2025-07-07 11:12:10', 'Aceita pelo Parceiro'),
(126, 143, '2025-07-06 15:57:46', 'Aceita pelo Parceiro'),
(166, 183, '2026-01-17 05:34:22', 'Respondida'),
(5, 24, '2025-08-17 12:56:55', 'Enviada');

-- BLOCO 2: COTACAO_PERSONALIZADAS (200 registros)
INSERT INTO Cotacao_Personalizadas (id_oportunidade, id_pacote, valor_total_calculado, status)
VALUES
(178, 170, 24781.01, 'Aprovada pelo Cliente'),
(136, 191, 23498.49, 'Enviada ao Cliente'),
(117, 65, 10336.64, 'Rejeitada pelo Cliente'),
(81, 138, 39978.61, 'Aprovada pelo Cliente'),
(50, 124, 12227.96, 'Aprovada pelo Cliente'),
(195, 73, 41198.01, 'Rejeitada pelo Cliente'),
(76, 46, 13288.31, 'Rejeitada pelo Cliente'),
(33, 14, 23620.72, 'Aprovada pelo Cliente'),
(33, 193, 21049.66, 'Expirada'),
(147, 123, 18975.29, 'Em Elaboração'),
(14, 123, 5544.69, 'Em Elaboração'),
(126, NULL, 26751.69, 'Em Elaboração'),
(39, 78, 4355.19, 'Enviada ao Cliente'),
(143, 156, 25380.62, 'Aprovada pelo Cliente'),
(199, 116, 38234.96, 'Enviada ao Cliente'),
(151, 79, 24249.10, 'Em Elaboração'),
(190, 196, 9400.47, 'Enviada ao Cliente'),
(170, 62, 8002.43, 'Em Elaboração'),
(1, 177, 25285.33, 'Enviada ao Cliente'),
(60, 73, 29777.94, 'Aprovada pelo Cliente'),
(176, 68, 33269.12, 'Aprovada pelo Cliente'),
(170, 51, 18344.47, 'Aprovada pelo Cliente'),
(166, 69, 34865.87, 'Em Elaboração'),
(43, 153, 31669.61, 'Aprovada pelo Cliente'),
(74, 120, 29189.10, 'Aprovada pelo Cliente'),
(70, 127, 18863.78, 'Aprovada pelo Cliente'),
(111, 155, 11152.64, 'Em Elaboração'),
(173, 148, 25010.11, 'Em Elaboração'),
(196, 69, 24562.56, 'Rejeitada pelo Cliente'),
(45, 167, 19047.74, 'Enviada ao Cliente'),
(150, 126, 40726.62, 'Aprovada pelo Cliente'),
(105, 172, 5154.29, 'Em Elaboração'),
(106, 74, 28115.31, 'Enviada ao Cliente'),
(195, 117, 4473.66, 'Enviada ao Cliente'),
(30, 104, 36441.07, 'Rejeitada pelo Cliente'),
(1, 139, 19860.33, 'Em Elaboração'),
(133, 194, 21362.99, 'Enviada ao Cliente'),
(14, 141, 6241.19, 'Enviada ao Cliente'),
(179, 8, 40894.99, 'Aprovada pelo Cliente'),
(62, 80, 23517.03, 'Aprovada pelo Cliente'),
(24, 30, 19838.58, 'Em Elaboração'),
(40, 184, 12860.10, 'Rejeitada pelo Cliente'),
(107, 121, 10879.53, 'Aprovada pelo Cliente'),
(99, 154, 21764.11, 'Expirada'),
(18, 107, 14835.87, 'Rejeitada pelo Cliente'),
(69, 73, 30727.00, 'Rejeitada pelo Cliente'),
(149, 126, 36455.47, 'Enviada ao Cliente'),
(124, 142, 32242.21, 'Enviada ao Cliente'),
(83, 179, 10676.85, 'Enviada ao Cliente'),
(199, 82, 31494.62, 'Rejeitada pelo Cliente'),
(98, 170, 33457.00, 'Aprovada pelo Cliente'),
(39, 10, 6045.03, 'Expirada'),
(85, 113, 4953.14, 'Expirada'),
(4, 105, 36688.89, 'Expirada'),
(20, 68, 14781.79, 'Aprovada pelo Cliente'),
(167, 85, 35923.85, 'Expirada'),
(98, 161, 30425.22, 'Rejeitada pelo Cliente'),
(139, NULL, 3665.51, 'Aprovada pelo Cliente'),
(74, 192, 4569.11, 'Expirada'),
(195, 26, 19107.37, 'Aprovada pelo Cliente'),
(8, NULL, 33611.30, 'Enviada ao Cliente'),
(96, 63, 22707.49, 'Aprovada pelo Cliente'),
(47, 21, 25930.59, 'Enviada ao Cliente'),
(175, 150, 6739.29, 'Aprovada pelo Cliente'),
(66, 171, 1236.70, 'Rejeitada pelo Cliente'),
(74, 41, 3889.42, 'Expirada'),
(151, 109, 29256.40, 'Aprovada pelo Cliente'),
(78, 99, 35964.75, 'Em Elaboração'),
(98, 148, 13025.15, 'Aprovada pelo Cliente'),
(6, 169, 17137.41, 'Em Elaboração'),
(176, 13, 38321.89, 'Rejeitada pelo Cliente'),
(74, 59, 25830.72, 'Enviada ao Cliente'),
(163, 65, 28740.01, 'Rejeitada pelo Cliente'),
(169, 36, 26702.41, 'Expirada'),
(166, NULL, 33301.32, 'Em Elaboração'),
(94, 24, 38281.18, 'Enviada ao Cliente'),
(107, 34, 33215.00, 'Expirada'),
(94, 70, 35023.95, 'Enviada ao Cliente'),
(124, 76, 31570.92, 'Enviada ao Cliente'),
(30, 20, 6642.15, 'Expirada'),
(174, 102, 40653.15, 'Rejeitada pelo Cliente'),
(94, 102, 1422.75, 'Aprovada pelo Cliente'),
(117, 192, 28516.82, 'Aprovada pelo Cliente'),
(164, 28, 28619.52, 'Aprovada pelo Cliente'),
(159, 144, 14347.46, 'Aprovada pelo Cliente'),
(166, NULL, 34751.65, 'Expirada'),
(78, 30, 6601.82, 'Expirada'),
(78, 30, 4849.45, 'Expirada'),
(35, 95, 28440.51, 'Rejeitada pelo Cliente'),
(139, 191, 30749.56, 'Expirada'),
(168, 126, 26184.09, 'Expirada'),
(72, NULL, 16097.31, 'Enviada ao Cliente'),
(61, 26, 41215.18, 'Enviada ao Cliente'),
(166, 102, 12202.52, 'Expirada'),
(117, 55, 27256.14, 'Aprovada pelo Cliente'),
(6, NULL, 14573.90, 'Expirada'),
(145, 196, 23655.65, 'Aprovada pelo Cliente'),
(60, 38, 33302.69, 'Aprovada pelo Cliente'),
(71, 38, 41486.75, 'Aprovada pelo Cliente'),
(45, 7, 6273.70, 'Enviada ao Cliente'),
(61, 5, 8020.23, 'Em Elaboração'),
(190, 30, 31534.13, 'Aprovada pelo Cliente'),
(200, 152, 5337.57, 'Aprovada pelo Cliente'),
(158, NULL, 33079.79, 'Expirada'),
(134, 165, 40519.68, 'Em Elaboração'),
(123, 110, 29082.91, 'Aprovada pelo Cliente'),
(114, NULL, 4174.53, 'Aprovada pelo Cliente'),
(17, 160, 26901.11, 'Aprovada pelo Cliente'),
(84, 153, 22682.41, 'Aprovada pelo Cliente'),
(155, 180, 5558.14, 'Aprovada pelo Cliente'),
(197, 56, 18547.38, 'Expirada'),
(106, 117, 17257.75, 'Rejeitada pelo Cliente'),
(81, 171, 11338.72, 'Expirada'),
(176, 18, 4603.90, 'Em Elaboração'),
(111, 190, 16184.42, 'Em Elaboração'),
(16, 144, 23963.27, 'Aprovada pelo Cliente'),
(106, 171, 39577.49, 'Enviada ao Cliente'),
(185, NULL, 12685.95, 'Enviada ao Cliente'),
(27, 55, 7217.15, 'Aprovada pelo Cliente'),
(28, 143, 15975.14, 'Rejeitada pelo Cliente'),
(147, 110, 35628.13, 'Expirada'),
(160, 165, 23759.84, 'Aprovada pelo Cliente'),
(169, 69, 2041.42, 'Enviada ao Cliente'),
(196, 87, 15294.61, 'Em Elaboração'),
(37, 103, 3713.44, 'Rejeitada pelo Cliente'),
(8, 136, 9702.72, 'Enviada ao Cliente'),
(88, 80, 30543.67, 'Rejeitada pelo Cliente'),
(146, 14, 7252.11, 'Rejeitada pelo Cliente'),
(13, 70, 19084.10, 'Enviada ao Cliente'),
(156, 70, 9720.66, 'Aprovada pelo Cliente'),
(89, 73, 28758.67, 'Aprovada pelo Cliente'),
(135, 12, 9924.33, 'Expirada'),
(15, NULL, 13253.41, 'Enviada ao Cliente'),
(36, 75, 14352.23, 'Em Elaboração'),
(192, 34, 16495.54, 'Rejeitada pelo Cliente'),
(129, 172, 34025.14, 'Em Elaboração'),
(190, NULL, 1621.21, 'Expirada'),
(81, 147, 17492.00, 'Aprovada pelo Cliente'),
(75, 6, 40609.12, 'Em Elaboração'),
(159, 177, 38698.53, 'Em Elaboração'),
(28, 151, 17328.51, 'Em Elaboração'),
(80, 57, 14555.77, 'Em Elaboração'),
(131, 136, 21834.53, 'Expirada'),
(90, 166, 34388.77, 'Enviada ao Cliente'),
(38, 45, 25638.72, 'Rejeitada pelo Cliente'),
(168, NULL, 39995.67, 'Aprovada pelo Cliente'),
(119, 195, 24695.11, 'Aprovada pelo Cliente'),
(145, 160, 14150.02, 'Expirada'),
(81, 18, 20146.10, 'Aprovada pelo Cliente'),
(71, 91, 21726.91, 'Enviada ao Cliente'),
(116, NULL, 16023.55, 'Enviada ao Cliente'),
(166, 24, 26157.60, 'Aprovada pelo Cliente'),
(119, 190, 37715.33, 'Enviada ao Cliente'),
(147, 83, 25745.99, 'Aprovada pelo Cliente'),
(16, 88, 41275.17, 'Em Elaboração'),
(166, 64, 29968.63, 'Expirada'),
(135, 41, 15824.40, 'Expirada'),
(100, 87, 28786.64, 'Em Elaboração'),
(162, 17, 14416.77, 'Aprovada pelo Cliente'),
(99, 186, 35891.95, 'Expirada'),
(155, 86, 4203.81, 'Aprovada pelo Cliente'),
(90, 168, 29592.45, 'Enviada ao Cliente'),
(153, 22, 13589.29, 'Enviada ao Cliente'),
(85, 172, 29771.49, 'Expirada'),
(176, 24, 27433.92, 'Enviada ao Cliente'),
(93, NULL, 13559.84, 'Expirada'),
(88, 125, 8751.02, 'Expirada'),
(40, NULL, 35598.23, 'Em Elaboração'),
(198, 190, 37213.52, 'Em Elaboração'),
(87, 159, 6242.67, 'Enviada ao Cliente'),
(42, 178, 32580.68, 'Rejeitada pelo Cliente'),
(43, 12, 17756.83, 'Aprovada pelo Cliente'),
(61, 157, 12574.78, 'Rejeitada pelo Cliente'),
(115, 62, 13584.60, 'Rejeitada pelo Cliente'),
(121, 50, 15986.66, 'Expirada'),
(113, 73, 32869.80, 'Aprovada pelo Cliente'),
(108, 52, 33821.82, 'Em Elaboração'),
(65, NULL, 20626.31, 'Enviada ao Cliente'),
(27, 133, 35875.48, 'Enviada ao Cliente'),
(196, 116, 38103.35, 'Em Elaboração'),
(112, 57, 34457.34, 'Expirada'),
(7, 102, 21507.59, 'Enviada ao Cliente'),
(21, 8, 13963.88, 'Em Elaboração'),
(183, 38, 6512.22, 'Enviada ao Cliente'),
(121, 36, 32076.31, 'Aprovada pelo Cliente'),
(158, NULL, 4110.14, 'Enviada ao Cliente'),
(39, 187, 25905.42, 'Enviada ao Cliente'),
(199, 78, 5864.06, 'Enviada ao Cliente'),
(164, 118, 3434.51, 'Rejeitada pelo Cliente'),
(128, 5, 26854.95, 'Aprovada pelo Cliente'),
(184, 110, 914.37, 'Enviada ao Cliente'),
(147, 171, 28347.04, 'Aprovada pelo Cliente'),
(93, NULL, 22497.35, 'Aprovada pelo Cliente'),
(130, 100, 36787.59, 'Em Elaboração'),
(100, 65, 31602.08, 'Enviada ao Cliente'),
(18, 188, 27889.85, 'Em Elaboração'),
(149, 86, 6339.80, 'Enviada ao Cliente'),
(87, 45, 35020.29, 'Aprovada pelo Cliente'),
(179, 47, 34243.13, 'Em Elaboração'),
(199, 10, 12925.16, 'Em Elaboração');

-- BLOCO 3: ITEM_COTACAO (200 registros)
INSERT INTO Item_Cotacao (id_cotacao, id_modulo, valor_aplicado)
VALUES
(52, 11, 1949.08),
(80, 132, 2341.56),
(140, 122, 1653.24),
(193, 166, 1357.74),
(92, 200, 677.07),
(168, 85, 1747.78),
(95, 112, 4675.06),
(191, 113, 4699.53),
(99, 87, 5075.19),
(128, 178, 2813.24),
(133, 69, 4255.45),
(187, 109, 824.90),
(155, 47, 3041.00),
(83, 27, 830.33),
(170, 76, 1905.86),
(155, 184, 2474.05),
(177, 114, 2119.85),
(11, 187, 4582.68),
(91, 158, 5191.22),
(71, 164, 5105.13),
(15, 20, 3638.12),
(104, 94, 2887.16),
(192, 174, 1209.94),
(8, 37, 4481.18),
(174, 113, 615.30),
(18, 61, 4147.95),
(94, 93, 2268.56),
(146, 9, 3324.20),
(174, 116, 4956.91),
(96, 114, 4074.65),
(147, 36, 2964.93),
(102, 81, 3535.41),
(64, 30, 573.09),
(48, 128, 2909.29),
(144, 31, 1693.44),
(67, 181, 2569.80),
(157, 74, 3746.41),
(126, 52, 1032.53),
(19, 116, 1270.12),
(183, 114, 5187.00),
(175, 82, 3622.24),
(182, 17, 3062.49),
(75, 77, 4493.97),
(183, 182, 4854.79),
(164, 45, 4220.06),
(131, 58, 1026.47),
(52, 36, 1574.50),
(127, 7, 2164.26),
(147, 95, 2670.18),
(142, 34, 3356.75),
(23, 17, 1919.13),
(184, 185, 2723.66),
(106, 197, 2394.81),
(148, 19, 1045.30),
(82, 165, 802.28),
(120, 175, 2907.46),
(33, 200, 3068.69),
(151, 47, 4096.96),
(34, 111, 2838.60),
(15, 32, 2910.99),
(78, 43, 1219.34),
(182, 58, 2093.61),
(133, 73, 4468.19),
(65, 51, 3466.52),
(142, 71, 1044.56),
(78, 158, 2984.02),
(129, 165, 1251.02),
(149, 40, 1263.20),
(160, 185, 4734.50),
(87, 145, 645.67),
(8, 21, 665.94),
(165, 198, 3189.66),
(167, 54, 4093.06),
(107, 159, 3485.21),
(128, 161, 3041.49),
(165, 78, 2743.99),
(176, 104, 1862.81),
(19, 177, 734.59),
(113, 107, 2750.19),
(53, 88, 3331.64),
(81, 184, 1966.75),
(89, 103, 1071.14),
(95, 132, 3117.84),
(82, 62, 2665.74),
(69, 116, 1627.61),
(25, 13, 1828.51),
(99, 158, 2436.14),
(41, 84, 4885.32),
(185, 81, 1351.71),
(41, 128, 5180.85),
(120, 128, 4625.61),
(128, 6, 877.73),
(101, 130, 2621.85),
(62, 56, 3220.88),
(13, 13, 1786.44),
(153, 168, 3644.47),
(74, 138, 488.84),
(28, 111, 1086.19),
(68, 187, 2187.44),
(12, 103, 693.00),
(144, 50, 2171.99),
(74, 19, 2285.16),
(116, 196, 3061.82),
(160, 175, 3352.45),
(33, 25, 2321.04),
(87, 143, 4910.01),
(194, 37, 1395.52),
(131, 103, 2825.37),
(12, 10, 1100.92),
(86, 122, 2916.83),
(39, 156, 4692.38),
(36, 84, 4874.00),
(82, 42, 2316.53),
(158, 190, 4452.36),
(152, 87, 2859.75),
(131, 137, 2776.77),
(145, 77, 2705.74),
(5, 95, 2023.39),
(29, 107, 3222.59),
(186, 177, 3438.99),
(153, 122, 1711.27),
(168, 199, 3197.75),
(59, 185, 693.94),
(123, 44, 2940.10),
(185, 159, 4129.38),
(98, 38, 4352.89),
(63, 9, 3169.71),
(180, 29, 1356.23),
(113, 81, 2439.21),
(106, 177, 1418.49),
(129, 199, 3354.52),
(121, 189, 3905.16),
(181, 36, 2913.75),
(144, 84, 5191.08),
(123, 135, 2239.92),
(45, 118, 4782.59),
(88, 140, 2132.86),
(198, 185, 3683.54),
(178, 68, 3347.86),
(50, 64, 1775.28),
(77, 58, 4922.06),
(77, 198, 1822.77),
(54, 177, 3798.69),
(82, 123, 2106.82),
(185, 71, 1817.00),
(147, 174, 3030.16),
(102, 89, 4984.39),
(38, 75, 649.82),
(183, 21, 2095.23),
(114, 168, 1668.11),
(123, 55, 1409.82),
(138, 70, 4881.86),
(179, 70, 1102.05),
(151, 62, 1601.68),
(172, 136, 1521.94),
(60, 14, 925.94),
(85, 184, 2693.92),
(175, 198, 1102.97),
(141, 41, 2382.81),
(122, 123, 3540.06),
(194, 74, 1975.55),
(166, 16, 4762.70),
(23, 167, 3177.13),
(137, 190, 3884.81),
(10, 45, 2434.95),
(46, 10, 5186.57),
(102, 127, 1334.98),
(192, 75, 4614.53),
(3, 77, 3147.82),
(28, 86, 1801.67),
(165, 140, 2940.51),
(35, 130, 2673.10),
(50, 29, 2020.75),
(188, 118, 3529.36),
(184, 48, 516.90),
(87, 76, 3146.96),
(194, 50, 1283.60),
(164, 104, 4378.20),
(132, 84, 862.00),
(172, 25, 1327.71),
(36, 123, 1987.11),
(64, 2, 1688.73),
(61, 115, 4030.34),
(85, 78, 3216.69),
(147, 3, 1692.38),
(93, 178, 1572.44),
(171, 31, 2660.63),
(41, 104, 3708.85),
(181, 198, 1927.15),
(31, 164, 4801.62),
(76, 95, 3369.47),
(57, 35, 2721.36),
(117, 192, 5146.98),
(96, 107, 3784.22),
(121, 194, 3003.21),
(171, 56, 4068.83),
(175, 194, 3280.12),
(21, 135, 2572.05),
(181, 93, 820.99),
(145, 29, 743.35);

-- BLOCO 4: PROPOSTAS_COMERCIAIS (200 registros)
INSERT INTO Propostas_Comerciais (id_cotacao, versao, status)
VALUES
(48, 1, 'Aceita pelo Cliente'),
(11, 1, 'Recusada pelo Cliente'),
(86, 1, 'Enviada ao Cliente'),
(118, 1, 'Aceita pelo Cliente'),
(71, 1, 'Enviada ao Cliente'),
(26, 1, 'Enviada ao Cliente'),
(40, 1, 'Aceita pelo Cliente'),
(173, 1, 'Aceita pelo Cliente'),
(166, 1, 'Rascunho'),
(94, 1, 'Expirada'),
(133, 1, 'Aceita pelo Cliente'),
(103, 1, 'Recusada pelo Cliente'),
(189, 1, 'Expirada'),
(37, 1, 'Enviada ao Cliente'),
(152, 1, 'Aceita pelo Cliente'),
(73, 1, 'Aceita pelo Cliente'),
(81, 1, 'Enviada ao Cliente'),
(112, 1, 'Enviada ao Cliente'),
(200, 1, 'Enviada ao Cliente'),
(129, 1, 'Expirada'),
(80, 1, 'Aceita pelo Cliente'),
(110, 1, 'Aceita pelo Cliente'),
(51, 1, 'Enviada ao Cliente'),
(194, 1, 'Enviada ao Cliente'),
(153, 1, 'Enviada ao Cliente'),
(68, 1, 'Recusada pelo Cliente'),
(2, 1, 'Aceita pelo Cliente'),
(76, 1, 'Aceita pelo Cliente'),
(44, 1, 'Aceita pelo Cliente'),
(135, 1, 'Enviada ao Cliente'),
(88, 1, 'Recusada pelo Cliente'),
(69, 1, 'Expirada'),
(187, 1, 'Aceita pelo Cliente'),
(75, 1, 'Aceita pelo Cliente'),
(165, 1, 'Enviada ao Cliente'),
(22, 1, 'Recusada pelo Cliente'),
(14, 1, 'Enviada ao Cliente'),
(160, 1, 'Recusada pelo Cliente'),
(82, 1, 'Aceita pelo Cliente'),
(169, 1, 'Expirada'),
(127, 1, 'Aceita pelo Cliente'),
(179, 1, 'Aceita pelo Cliente'),
(50, 1, 'Rascunho'),
(63, 1, 'Rascunho'),
(61, 1, 'Recusada pelo Cliente'),
(72, 1, 'Expirada'),
(4, 1, 'Aceita pelo Cliente'),
(199, 1, 'Recusada pelo Cliente'),
(60, 1, 'Aceita pelo Cliente'),
(143, 1, 'Recusada pelo Cliente'),
(124, 1, 'Enviada ao Cliente'),
(116, 1, 'Recusada pelo Cliente'),
(158, 1, 'Rascunho'),
(111, 1, 'Aceita pelo Cliente'),
(142, 1, 'Enviada ao Cliente'),
(100, 1, 'Aceita pelo Cliente'),
(163, 1, 'Aceita pelo Cliente'),
(120, 1, 'Aceita pelo Cliente'),
(122, 1, 'Aceita pelo Cliente'),
(10, 1, 'Aceita pelo Cliente'),
(62, 1, 'Rascunho'),
(177, 1, 'Aceita pelo Cliente'),
(168, 1, 'Rascunho'),
(83, 1, 'Aceita pelo Cliente'),
(49, 1, 'Enviada ao Cliente'),
(123, 1, 'Expirada'),
(176, 1, 'Rascunho'),
(64, 1, 'Recusada pelo Cliente'),
(55, 1, 'Aceita pelo Cliente'),
(23, 1, 'Recusada pelo Cliente'),
(161, 1, 'Expirada'),
(156, 1, 'Enviada ao Cliente'),
(78, 1, 'Rascunho'),
(188, 1, 'Enviada ao Cliente'),
(29, 1, 'Enviada ao Cliente'),
(67, 1, 'Aceita pelo Cliente'),
(164, 1, 'Recusada pelo Cliente'),
(195, 1, 'Enviada ao Cliente'),
(186, 1, 'Enviada ao Cliente'),
(42, 1, 'Enviada ao Cliente'),
(137, 1, 'Aceita pelo Cliente'),
(193, 1, 'Aceita pelo Cliente'),
(41, 1, 'Expirada'),
(154, 1, 'Enviada ao Cliente'),
(92, 1, 'Aceita pelo Cliente'),
(38, 1, 'Recusada pelo Cliente'),
(65, 1, 'Aceita pelo Cliente'),
(157, 1, 'Recusada pelo Cliente'),
(8, 1, 'Recusada pelo Cliente'),
(28, 1, 'Rascunho'),
(70, 1, 'Enviada ao Cliente'),
(185, 1, 'Aceita pelo Cliente'),
(57, 1, 'Rascunho'),
(198, 1, 'Rascunho'),
(178, 1, 'Enviada ao Cliente'),
(95, 1, 'Aceita pelo Cliente'),
(125, 1, 'Aceita pelo Cliente'),
(7, 1, 'Recusada pelo Cliente'),
(91, 1, 'Aceita pelo Cliente'),
(87, 1, 'Recusada pelo Cliente'),
(191, 1, 'Rascunho'),
(192, 1, 'Aceita pelo Cliente'),
(197, 1, 'Rascunho'),
(183, 1, 'Enviada ao Cliente'),
(13, 1, 'Recusada pelo Cliente'),
(155, 1, 'Recusada pelo Cliente'),
(27, 1, 'Aceita pelo Cliente'),
(140, 1, 'Rascunho'),
(3, 1, 'Rascunho'),
(99, 1, 'Expirada'),
(171, 1, 'Recusada pelo Cliente'),
(54, 1, 'Aceita pelo Cliente'),
(85, 1, 'Rascunho'),
(104, 1, 'Expirada'),
(5, 1, 'Enviada ao Cliente'),
(174, 1, 'Expirada'),
(128, 1, 'Aceita pelo Cliente'),
(93, 1, 'Recusada pelo Cliente'),
(113, 1, 'Recusada pelo Cliente'),
(25, 1, 'Enviada ao Cliente'),
(36, 1, 'Rascunho'),
(20, 1, 'Enviada ao Cliente'),
(45, 1, 'Enviada ao Cliente'),
(59, 1, 'Recusada pelo Cliente'),
(32, 1, 'Enviada ao Cliente'),
(190, 1, 'Recusada pelo Cliente'),
(106, 1, 'Enviada ao Cliente'),
(148, 1, 'Recusada pelo Cliente'),
(162, 1, 'Enviada ao Cliente'),
(172, 1, 'Expirada'),
(77, 1, 'Recusada pelo Cliente'),
(170, 1, 'Aceita pelo Cliente'),
(167, 1, 'Expirada'),
(58, 1, 'Rascunho'),
(33, 1, 'Aceita pelo Cliente'),
(136, 1, 'Recusada pelo Cliente'),
(101, 1, 'Enviada ao Cliente'),
(196, 1, 'Recusada pelo Cliente'),
(46, 1, 'Expirada'),
(31, 1, 'Enviada ao Cliente'),
(90, 1, 'Recusada pelo Cliente'),
(151, 1, 'Rascunho'),
(159, 1, 'Enviada ao Cliente'),
(21, 1, 'Expirada'),
(146, 1, 'Aceita pelo Cliente'),
(97, 1, 'Enviada ao Cliente'),
(182, 1, 'Expirada'),
(98, 1, 'Aceita pelo Cliente'),
(96, 1, 'Aceita pelo Cliente'),
(108, 1, 'Aceita pelo Cliente'),
(35, 1, 'Rascunho'),
(47, 1, 'Aceita pelo Cliente'),
(105, 1, 'Recusada pelo Cliente'),
(74, 1, 'Recusada pelo Cliente'),
(9, 1, 'Rascunho'),
(121, 1, 'Enviada ao Cliente'),
(18, 1, 'Recusada pelo Cliente'),
(16, 1, 'Aceita pelo Cliente'),
(139, 1, 'Recusada pelo Cliente'),
(17, 1, 'Enviada ao Cliente'),
(89, 1, 'Enviada ao Cliente'),
(109, 1, 'Rascunho'),
(12, 1, 'Enviada ao Cliente'),
(19, 1, 'Enviada ao Cliente'),
(149, 1, 'Enviada ao Cliente'),
(56, 1, 'Enviada ao Cliente'),
(1, 1, 'Enviada ao Cliente'),
(66, 1, 'Aceita pelo Cliente'),
(102, 1, 'Aceita pelo Cliente'),
(6, 1, 'Aceita pelo Cliente'),
(79, 1, 'Rascunho'),
(119, 1, 'Enviada ao Cliente'),
(144, 1, 'Rascunho'),
(181, 1, 'Aceita pelo Cliente'),
(145, 1, 'Enviada ao Cliente'),
(180, 1, 'Enviada ao Cliente'),
(107, 1, 'Enviada ao Cliente'),
(132, 1, 'Enviada ao Cliente'),
(34, 1, 'Rascunho'),
(117, 1, 'Expirada'),
(15, 1, 'Expirada'),
(115, 1, 'Expirada'),
(131, 1, 'Aceita pelo Cliente'),
(24, 1, 'Enviada ao Cliente'),
(126, 1, 'Enviada ao Cliente'),
(150, 1, 'Enviada ao Cliente'),
(184, 1, 'Enviada ao Cliente'),
(53, 1, 'Aceita pelo Cliente'),
(175, 1, 'Rascunho'),
(30, 1, 'Aceita pelo Cliente'),
(114, 1, 'Aceita pelo Cliente'),
(134, 1, 'Aceita pelo Cliente'),
(84, 1, 'Rascunho'),
(43, 1, 'Enviada ao Cliente'),
(39, 1, 'Enviada ao Cliente'),
(138, 1, 'Aceita pelo Cliente'),
(147, 1, 'Aceita pelo Cliente'),
(52, 1, 'Enviada ao Cliente'),
(130, 1, 'Enviada ao Cliente'),
(141, 1, 'Enviada ao Cliente');

-- BLOCO 5: CONTRATO_DIGITAL (200 registros)
INSERT INTO Contrato_Digital (id_proposta, timestamp_aceite, ip_aceite, hash_integridade, status)
VALUES
(180, '2026-01-14 00:11:25', '163.88.85.126', '945ae1b0f46cfdfdef5207918795ef338b1e6d3791e8b2e376bd54661b85a998', 'Em Análise Jurídica'),
(50, '2026-02-04 13:23:25', '174.48.69.247', 'd184474a7cf48dce22c8befa02eb2c6d6f8a9a4fa113e035ee0d649582b82b51', 'Assinado'),
(33, '2025-08-26 07:06:18', '186.119.219.168', '2306f247e00a3d4f27c233ab94c44205eb64de62343cbda4782790966c917fc3', 'Assinado'),
(191, '2026-05-11 14:43:00', '153.36.6.253', 'ba4cdb5f20208611c9ddc24829264ac29d7172d3e19530405fb85b4830ad8282', 'Assinado'),
(92, '2026-02-01 17:39:51', '93.28.255.220', '5b5833701071fbc451d7a7da82b31571c2e99a2e0b6997ebf6740d07b0a0c936', 'Assinado'),
(189, '2025-07-04 23:45:56', '108.251.30.249', '48217dbe234c21d4798acaae872643435eead3b6e9e8325916a427bc19850ce7', 'Assinado'),
(177, '2025-03-21 03:41:26', '206.71.62.4', '1746cb282026e42a31e15dcf0cd5b6588e4179fdf128c4d670cbffbac850a708', 'Assinado'),
(110, '2026-01-02 08:50:03', '136.183.119.250', '5377817cb557ab0b46f95f121770f0a64a5a10443b2bc3a9a45dfa5b75c99450', 'Em Análise Jurídica'),
(16, '2026-03-21 22:24:52', '101.16.93.155', 'a73f4a27ba52ae08672b8301ced5dfcbc3f75e2190a832a5c522af0d5d513a66', 'Assinado'),
(120, '2026-03-07 09:24:15', '185.135.144.77', '731cf41b0d29f6306592f39cff82c5bcb5e18ee8781432bd71cdf7f92c143e55', 'Em Análise Jurídica'),
(49, '2025-05-30 16:40:28', '33.21.216.21', 'd648a22cca8e0d3d443339bd8cff158c4c1ca71f8b0a998f3749ea8d26e6dfb1', 'Assinado'),
(125, '2025-05-04 11:27:40', '17.159.206.35', '0566171e1b68bec307bfe5fbb58290c1567768d00f4507898dcbe86e9c30b993', 'Assinado'),
(42, '2025-09-19 04:46:53', '71.166.141.67', '96471ca40f98dcc16a7fb95593f485a27b79dab89e3f12f63c9d1446ade4a52f', 'Assinado'),
(107, '2025-05-18 08:14:35', '81.29.2.116', '8655f24ddcdfc016b0a60077b943c952199ead4afb65c07746053b1c8113013d', 'Assinado'),
(173, '2025-04-06 23:58:44', '141.129.242.180', '4609d384d33933f6686bd951f6fa70023f422387e98e13519bad331045abe82b', 'Assinado'),
(129, '2025-05-23 00:55:59', '30.205.204.247', 'e8cfd534153dfe5cb04ff3de128a07a3d7fbc4105ff52fa7a817cc72eee2fea3', 'Em Análise Jurídica'),
(88, '2026-05-23 11:45:20', '5.52.206.106', '10296eab17eafbe3370ab9b315f4d38663c6e6a3d13ee4f01df5543cacd78ca9', 'Assinado'),
(165, '2025-04-14 14:13:52', '36.211.153.216', 'a6669b45a3bfd9d030c4116859841961be37c791ccda1086e7b669e52553c1d8', 'Assinado'),
(100, '2025-04-12 00:36:57', '42.130.2.85', 'e414a19fb2a7525dc2b76aab96f03be771ac3c890bef196a2350266d36d240ea', 'Assinado'),
(56, '2025-02-26 21:26:32', '14.91.128.143', '278dcecda0c30212b39929ecc0f574c949b04310c296b6d455786351e292836f', 'Em Análise Jurídica'),
(139, '2025-10-05 09:32:29', '33.120.51.73', '26afea94bad50a77d8b4afeeb9f35284682200c618f4bc794e2cb0754e554fb1', 'Assinado'),
(160, '2026-01-14 18:18:30', '60.32.135.95', '716bcfe11a3885ccb28c7cbbff04e57286455b37da3fff65d071454141585c09', 'Em Análise Jurídica'),
(80, '2025-06-18 05:35:38', '115.241.246.44', '7d4585ae27cc4306d435f132f40ddb1d7fcb3d48f729d860030c6adb34d88db8', 'Em Análise Jurídica'),
(31, '2025-11-05 17:04:56', '194.104.211.142', 'f5bf89bc437e536ca15c024fd2287b21cc915fe06961751b70528cbcc60229bb', 'Em Análise Jurídica'),
(79, '2025-08-03 18:28:47', '58.99.232.239', 'c085d329a388ecf7aee0f382c77adb08792ca25fab6856f67786767b4332f01f', 'Assinado'),
(134, '2025-09-02 23:47:50', '127.140.251.47', '8c741df1bc5e3ea006c3ab85878fab5fd6dbbc8e547387dc644f05df4af981c3', 'Assinado'),
(164, '2025-02-16 15:09:33', '56.130.243.215', '3ea8bb8b0d3b659bafe2c9e45adc225a7aa98c8ebed550478265c332f10c2384', 'Assinado'),
(104, '2025-10-30 19:15:36', '80.117.126.189', '9e44501bafe8e45ed9bf72e9bd849004b9f0ff90d970b6ddc75cc782d7898d62', 'Assinado'),
(122, '2025-08-13 22:26:51', '29.233.231.70', 'f6a041053984e07240f6ad9fbe1a2418c2f568c037ce716e36fc9a5138f96b16', 'Em Análise Jurídica'),
(53, '2025-07-03 06:43:19', '163.222.166.4', '583c701f4b275f2a11b434f7abe60cb481fe9f65bae8524e98be0c50b7a2c6f4', 'Assinado'),
(106, '2025-09-08 13:42:02', '105.164.56.25', '2145163f631cf81b7206f2e1bdb1812926337c6675d3bed355ca5ebaabdda76c', 'Assinado'),
(158, '2025-07-17 08:33:52', '93.231.229.246', 'c0190490976a08431eb448b77892c62af5f391c21abdd370c191a4a741ce27d9', 'Assinado'),
(183, '2025-04-25 23:09:04', '34.172.42.122', '1c82cd44f6fc67728da23ddbb6ab095be4e176b42317490a39ef0a6668f40c18', 'Assinado'),
(117, '2025-08-09 14:23:46', '52.138.27.120', '02c8b309c7c3af256e0179afc50bbb97818c0874ac42c7d74d9ae4646494d45a', 'Assinado'),
(17, '2026-02-18 23:07:23', '185.60.94.82', '40add9e846345087770b2f4fb5cff45671d08d76625efae7dc1cac13ee17c1c1', 'Assinado'),
(8, '2025-12-08 09:52:41', '102.155.146.119', '5d914ee2354cdae05e6e28a5323eb2c5cc15a45451d99e95346080eff0f76fed', 'Assinado'),
(144, '2026-04-12 23:29:20', '154.3.125.226', '861541b1419a213d5595eb129abc2d29f438ad66132f9da8b4fff5796030e36d', 'Assinado'),
(68, '2025-09-17 06:20:19', '90.108.5.164', '698299a03aac056aaff14f4eaed19a06ab2480ac5c539a18d2f7be96953b162e', 'Assinado'),
(70, '2026-01-10 21:29:38', '129.78.97.88', 'f9a43461ec30912ae139096a6698ae384583036ba8497529ae140f13c12dc5eb', 'Assinado'),
(135, '2025-06-03 21:43:49', '183.40.238.146', '42e3e9ef7748bc5aaef02f3bfe59b43c3a29ecd775fc2a6dda752f3ea3e59c23', 'Assinado'),
(174, '2026-04-09 05:48:09', '198.194.167.127', '1264044e9ce66a99db20c491b10b3907dcacccd65f46cbd49440204fd424ded5', 'Assinado'),
(190, '2025-11-26 10:15:25', '142.230.196.91', '75d0f78db11fb3f248e227f291a0fefadb9951981f51909f2428848880354eb5', 'Assinado'),
(161, '2026-06-29 07:23:25', '61.248.92.205', '1a244fdc7e56b18315ecf9f7ccf84d09eca13bd8a8838ce76a5a0020d33eb798', 'Assinado'),
(37, '2025-01-19 09:48:31', '159.47.29.241', '63324c53589e2e8da85281cca1885e2f6c5f34d63e831228e0f401c84ac0ffdc', 'Assinado'),
(5, '2025-02-24 10:45:10', '139.115.1.99', 'f3ba9c12ba2e9651c69c3bf2e641607fc29fe01a1a1c36e47214f0f17405193e', 'Assinado'),
(156, '2026-04-05 01:49:50', '17.54.58.128', '726daca34a615a2384d5b5e7143c50f200529df4648ed7515f29bd07633b7e68', 'Assinado'),
(162, '2025-03-29 12:29:27', '204.76.242.128', '5511b96d8ae131550f327ead6a73a737d6c72ff1d46e5cb4e6b86a411843eed5', 'Assinado'),
(175, '2025-06-20 18:22:02', '76.80.87.148', '72df6fe80d77ad740d11f1dcf3ef720d64b9720f95e0ee4c5be02ca19d862a1b', 'Cancelado'),
(182, '2025-03-28 04:33:58', '99.187.238.159', '1bb5264a73f67ab8d812bbef3f9eb26e22c59235834f4609d4fbde096207adaa', 'Assinado'),
(1, '2026-06-02 04:26:35', '179.227.234.78', '49587fb914b9e5595545731a4e8b561ab4be5930cf4ea40a9f94ea3f14390c7e', 'Assinado'),
(25, '2025-09-11 11:54:43', '15.99.113.201', '8602e2c6fa1bc4dbcb09bb9e26ede95dd42469fa2c20d8d5e465c9f199fe7004', 'Assinado'),
(73, '2026-05-13 12:48:52', '214.241.63.168', '9d5f7038f2bfd8f3b08514ae4b518bdb19926535aa98b3b4049bfda5364763de', 'Cancelado'),
(170, '2025-04-01 12:56:28', '210.67.8.123', 'b9b4ea5903744794642d320fd16311f38129033665b0248bb572306695036fb5', 'Assinado'),
(116, '2025-03-25 08:40:25', '47.181.194.109', '67d3a3e34fb912af3c9e9e7d9d62fb50f3ce234cc352b6a6c37df88cbfcf84e3', 'Assinado'),
(194, '2026-01-16 01:59:04', '128.118.68.8', '312f05ca4932fe69ff8a01d3ceacee11595fd49cf3fff51c8fcb9a1014bb0ac3', 'Assinado'),
(147, '2025-10-05 13:47:11', '106.179.28.170', '77792293a50a1edd80f0acca3f36afa59bd6f269819c723a82fd6b299da6dc8e', 'Assinado'),
(114, '2026-03-02 07:18:16', '47.9.95.148', 'f6e8d16be4749dda26d89587c7346079efdd1658408851f012a92db2c47338f2', 'Assinado'),
(127, '2025-04-05 23:24:19', '198.160.168.214', 'c7d643568ed81fb3adf784bfb901178c9b37ec0c8927965ead182ffdad3582bd', 'Assinado'),
(26, '2026-03-02 10:23:05', '189.167.232.178', '015e40c69a23574daef485a962db5cc70072e6851cd842b530def376689fc4d6', 'Assinado'),
(154, '2025-08-08 18:53:30', '187.96.214.47', 'd40987e7be20f4ac6cd82311a7fb108c9cb41585fae42ad483a14f8bd988ad5a', 'Assinado'),
(69, '2026-01-17 14:01:32', '196.77.225.14', '641751f85ed3f1ebfef343b269558605d27f3a093cb3a402efe80a1ea4619a12', 'Assinado'),
(188, '2026-04-13 19:31:40', '98.47.204.66', '57c2065cc9439fd94b3b6fecf8d2db5dd21ae74f29ed2f94497d91213dd3e8b8', 'Assinado'),
(132, '2026-01-27 00:53:13', '5.58.236.46', '5c12d9aee8a565283d00c305fecf9bc92440630606f47d629e4fd0354eff0e76', 'Assinado'),
(24, '2025-11-01 06:26:23', '14.170.4.27', 'ddf91fcff710da28df3fbed0596fbe77ae49cdbf5692f4565f3df97610b8b551', 'Assinado'),
(166, '2025-09-20 07:49:55', '111.58.116.31', '7f8ab18431ee33313536b59ef34ba436ed07fa9528bdb74d74dddeb0e4022aac', 'Em Análise Jurídica'),
(168, '2025-05-08 15:14:02', '112.31.201.195', '1419dc9ab084ce6ebc6921ac49629a500879d31b8b313e90ea77b994c73a6be3', 'Assinado'),
(112, '2025-11-27 15:28:35', '213.210.41.24', '1d4f6e2bcc8fdefd544fe436ef15b3d33b9143b9b99f044d19965f03b21df9ea', 'Assinado'),
(55, '2026-01-05 02:53:00', '214.67.70.130', 'eee4a2dc7ca1e8250932616f0350867e2ac1f0ad5d0ac823359458249d51a501', 'Assinado'),
(133, '2025-03-18 16:43:32', '82.72.211.229', 'a8c31677fc381aed2f0d7083749de264b57de10e9501f88cb6915292c348d6aa', 'Assinado'),
(21, '2025-12-18 15:16:36', '70.125.164.88', '6ea040f005dfc220e3bcbc503eb6e0708b62977fb18f606c38f5652424878608', 'Assinado'),
(71, '2025-12-19 13:47:46', '1.218.26.219', 'add83efb1718dea0c6a207d2765a9230fd0a873f7a1a72e3e3211ca241e19d23', 'Assinado'),
(23, '2026-03-11 09:19:32', '14.150.195.103', '3d70eced3a0ea63302648bdfe5741149db944f9a9b04171db6662a6feaa9da53', 'Assinado'),
(90, '2025-02-02 18:31:07', '127.112.1.164', '77e67fac6c50b02b0349e6b106695785a756058304c3a69e7bb5d234466cbad7', 'Cancelado'),
(32, '2026-04-24 11:35:39', '151.96.150.203', '4a7184f62f25cbfe5abfff8c1676e7c69dc5b82429eb71eadeeddbfa8c05e782', 'Assinado'),
(142, '2025-03-06 00:23:32', '76.40.141.238', '7332b16a6a898648099bcc0f4c776f7eea2a6dd6ee0b4490fba7ddc9a0144acc', 'Assinado'),
(181, '2025-10-31 09:59:08', '17.197.96.122', '3ae925351f0562c96792e1b05adc534df2c6469df596e8604e2c7afee129eb9c', 'Assinado'),
(138, '2025-05-17 00:35:26', '107.127.91.231', 'dec53c1758926fd3b23ade5861e02ecac6c10834aefe227e4f85503593c52084', 'Assinado'),
(3, '2025-05-19 05:02:46', '56.17.110.114', '13c9e101c67b7620d00a6273551d3aa66cd3763ba50ca0c6e728b126d9f3583a', 'Em Análise Jurídica'),
(197, '2026-06-25 20:15:33', '100.68.170.45', 'af2a0ec7070397d7214bf964c617ea48a1d907aa76177ca5e02f26146425672d', 'Assinado'),
(6, '2025-08-30 22:05:26', '43.101.125.109', '5799e68f2bcc5fedd4f0cd29458ce9e9cf2a4f64600bfcdcbcf92d13c56d8bfb', 'Assinado'),
(39, '2026-05-21 13:46:24', '99.217.126.63', 'f1b048e4875032cc26d5d89c9d23b486c905f032dd9d55b546f53e6561568de3', 'Cancelado'),
(9, '2025-05-10 00:48:56', '21.150.43.97', '382a07ff301801360c8ffadabaa7bcc1ba30ec40387befd60a0b1ae7fc2bdf3c', 'Assinado'),
(41, '2025-06-01 12:29:52', '183.73.16.33', 'f29e5e3f776523d05ac878f34f2a72accd77839232a63b4ac0916cdab473c0ea', 'Assinado'),
(192, '2025-08-19 13:11:31', '215.112.255.175', 'e4941a938f6f9c1a46715fc950cadfbcc2996c34a19e54ef946660b34cd513bf', 'Assinado'),
(57, '2025-02-10 18:09:04', '31.173.222.249', '4c7137cf95c2ec8eb03323f70f835cfd943a25c0cf2363550ea31465281239b5', 'Assinado'),
(176, '2026-05-27 04:58:47', '1.127.153.12', '9e4fab63171649646b84d288c5ce28d46286b5d4adc072833d2a2ba847803c7c', 'Em Análise Jurídica'),
(61, '2025-04-06 22:16:19', '45.156.250.25', 'b98315ac5bcf480444c81b7de5ebe98d7929da222725129f0d4ff3c060db71e5', 'Assinado'),
(95, '2026-02-11 15:03:11', '58.89.38.94', '4b1dfc5b3a7399f9860c691ef1b0ea9b30b5cb03df624d3f0487fcb9bd583ee5', 'Assinado'),
(131, '2025-12-04 01:36:13', '2.183.101.29', '6914cda156f83dff4acc433044b071ad0df99f2d74578387d6f3564734c1864d', 'Assinado'),
(121, '2025-06-05 01:37:28', '24.26.194.105', '977adf1d1938b8bd7a15101a69f83d58fba93304abbb786c2343166e32a9f641', 'Assinado'),
(27, '2025-11-21 20:02:49', '141.129.177.230', 'be3d2fd05849116cf25eccc8650560e897983571791484817630bba284d9a10b', 'Assinado'),
(59, '2025-08-06 05:47:45', '46.131.8.138', '3c86e7a86c4e7db4f2f5e556f590955c6242d7ec3403cc030147284003a264fe', 'Assinado'),
(44, '2025-08-27 18:04:17', '85.245.79.63', '18301393d40707dc4b97c3f53739b2a3b2145da5d499b38fb82044a4cef23d84', 'Assinado'),
(149, '2025-04-10 01:26:19', '47.197.180.82', 'fdfda47cdff7c2d727b060bf431bb49e4d7671434c0db132f504b42720d45f49', 'Assinado'),
(187, '2025-09-20 00:25:02', '114.6.146.29', '411550cde897d582c46c17c52efacc51bd68332ba0795326096617821f11a290', 'Em Análise Jurídica'),
(146, '2025-08-08 08:21:29', '102.99.161.193', 'cb43ad340cf1954e227645ae4a9bd1c7624f30492f3ea59528bb225e8f8e43f1', 'Assinado'),
(169, '2025-08-11 15:04:42', '103.209.66.113', 'bab2de81170439c5c27ce2beee3253cd6ca2aaf6f38e14f46a1c1bdf6160d885', 'Assinado'),
(15, '2025-02-23 19:04:56', '71.207.41.77', 'ed68512da956bdff5dbc0624aa04e4fa3d80e4e3166d5c6b660bb0993feddbbd', 'Assinado'),
(11, '2025-09-18 20:15:42', '30.90.234.110', 'b55dc9d932320d3f3e19d67ec36f3bedc0b79889d70d1004baa5d7c6c1d4c5ca', 'Assinado'),
(198, '2025-12-06 17:45:23', '60.50.64.130', '3c85a6220d0402c04eb577967c81824033e33498522fb6c3f0d2f26dcae55905', 'Assinado'),
(38, '2026-05-06 06:40:14', '156.16.60.250', 'abf058360046b360a472488f62b9efdc68568c3956fded8a3cd6bb2e518d9bc0', 'Assinado'),
(14, '2025-09-08 15:12:46', '110.95.183.63', '26bb4a30a0a6ea72c966382ddaa661ff18d33e5ac70900e94c11a02f3d98abc2', 'Assinado'),
(151, '2025-09-01 05:59:55', '127.24.201.77', 'ef3b3071043ad7526b018131928ac854e34a4de37ff8af72892b7622f1606ec6', 'Assinado'),
(4, '2025-09-22 10:27:02', '54.160.159.182', 'e4347bce6c628d5934e3370e580feb832bd64cda1e8b31cd696c58fd31737311', 'Assinado'),
(45, '2025-07-05 10:56:31', '17.51.141.58', 'ccc378f656b99035f975a255ae40fda058250bf0f7f3109754339aefb8f8be0b', 'Assinado'),
(20, '2025-09-17 05:20:36', '133.247.57.70', '04d74bf07db626c38e58bacd8961a3deb930f4e4959f9290e16931f90db0184b', 'Cancelado'),
(150, '2026-01-25 21:49:55', '171.79.44.183', '846d2971fb7cdc38995da4684d69929e5cd34eabebdedde00d2497b491c4c0ee', 'Assinado'),
(118, '2025-03-07 18:09:35', '15.138.54.86', '39fa13164f474990f6320433763f0ec139cf578e3d4054756ff993fb8cc3edd4', 'Assinado'),
(76, '2025-12-22 00:37:52', '31.199.5.149', '91e1b4ee805b6bc254bae489c2fcf584abc2105733ffa7735cd218312eb05a3e', 'Assinado'),
(87, '2026-05-11 01:55:06', '147.102.100.65', 'fe9765d62036140bd2a5f66fbb42edc224933f71a0798cb259279c13f801ad86', 'Assinado'),
(99, '2025-02-16 03:08:47', '36.104.168.237', '17f21b2d2f48131f7bdf970106c0f1cc4dd43e3bb6ad177207d1071214e591ab', 'Assinado'),
(60, '2025-07-09 17:02:40', '75.66.203.123', '32286fb7e9b978a31bdf82647963b417ee30f188c9218cf0cce176c5d191b0a8', 'Assinado'),
(51, '2026-04-05 00:16:02', '56.14.174.186', 'dd13c9ed85ce74088279ac18b88039a85ee0e0e1bf6d128a2e5888f475417315', 'Assinado'),
(48, '2025-12-08 23:57:08', '149.162.21.142', '71880b17b32e3276abd2d940abadbf905b194036ab6c14c227d31fea8697a7b7', 'Assinado'),
(58, '2025-03-31 15:31:38', '178.123.227.188', 'db2b2bf7ed747d489aa32dd4f65e053d8f341d0524cdb4c793aa312beded9f45', 'Assinado'),
(124, '2026-04-03 22:09:36', '210.42.77.230', '0becae58379fa1d9aca5416d8a3b95398fe759837843650160f0b69de4e933ed', 'Assinado'),
(74, '2025-03-09 11:15:32', '222.70.142.188', '3b272a5a8e2a1d3a61074c768f4f5f946260d2f651d8c7bf5979ffcbf93739de', 'Assinado'),
(89, '2026-05-30 12:22:12', '109.59.90.119', 'a3bc4ffd70986d1a8adcedc818f7a19ed7563a400c2ab216b65c795bad670103', 'Assinado'),
(157, '2026-01-12 15:11:24', '11.80.144.78', '077183cc48222d0043c69ad098e638fc9d27d8f97c0fcb3e70c7ebf39a42356f', 'Assinado'),
(171, '2025-03-07 03:48:00', '37.206.242.134', '71f8d9a41ad086ffa7aef23d2c405356e31df5f4dc093d98ab5496b8fe6a45f0', 'Assinado'),
(67, '2025-05-20 05:00:38', '39.240.34.251', '09663ea31e52b7b0689d9bc86243685834ca8f650762445f0a214edfa937cccf', 'Assinado'),
(96, '2026-02-10 10:31:07', '82.40.109.245', '584def83db50bebd66cb506eb609a3b80818fc18810fef5f31b04542d31e1a38', 'Em Análise Jurídica'),
(66, '2025-05-31 19:49:18', '168.8.170.215', 'a5b0cd1264825e186d5098b3ae2e232525a0506be2796491c9584ad7686598e8', 'Assinado'),
(29, '2025-10-03 20:32:01', '149.186.178.198', 'e51c46db96a82686e8135f4eabc1a3b05dfaa35b95e50eedcf78bafc9173dd8c', 'Assinado'),
(34, '2025-05-08 09:39:56', '132.85.153.227', '644a1294bec5e0465992576d274b0f5b3fc6fce73c4a4ca9dc2bf0757bba0c27', 'Assinado'),
(13, '2025-05-27 00:01:30', '12.108.154.112', '2ac5d499cf18d55c3e2b3c05a4ce0fcd19d83ebfab35dc240a86ed1e913feb1b', 'Assinado'),
(2, '2025-09-20 02:44:34', '173.151.12.139', '859bd0ea913b1c752344fd8be7e12ab143c2a9dc0582d368971bf6d8581c5980', 'Assinado'),
(136, '2025-01-15 12:56:47', '201.212.66.71', '8ea3770a729edacf0aaabe4ef65c8c12fb26b99aee045bdd09f7c4c33c663955', 'Assinado'),
(193, '2025-11-08 13:21:13', '141.209.180.193', '6d8ab3ac7cfe9e55c90ae53cddd60742d0a75f2b0c65eb75f6a49206ee7e75e3', 'Assinado'),
(196, '2025-09-15 07:07:10', '41.125.236.185', '201dfc2d830ef19c1bced334835bda47f683a2ef78a9eae88144907bb9959fe9', 'Assinado'),
(143, '2026-06-24 21:16:38', '33.75.149.220', 'c87069408bcf5b4abcf5f5fc02a79674836bfe076b1c3a2821e778577e518826', 'Assinado'),
(12, '2025-02-19 10:52:29', '34.155.31.54', '77fe31a26f3e2f636f90d3e6e08d8f5af9987a89e35f0aff552d93ea5637699a', 'Assinado'),
(43, '2026-01-02 12:23:58', '27.153.107.147', '4a56c555afd878f9b49abae9dcd0c1db4e806689b0adca66e83275aff1cf78c1', 'Assinado'),
(91, '2026-05-12 19:32:33', '88.141.189.113', '93f42ad44962e7a89042abe65ae7eba688043ddcf11b0d1af9a222352e62d8ee', 'Cancelado'),
(64, '2025-04-29 05:18:45', '167.169.37.47', 'aed0c90c007ad487ae6b4646953014b2aa76695d876b04e3c0e6c1eec66c3253', 'Assinado'),
(28, '2025-06-12 19:56:06', '31.250.183.192', 'ad662bf83e00cdc3bb92d972cf08a14750444f1169bd5d5545b350f69cb8a00a', 'Assinado'),
(22, '2026-01-01 10:47:56', '9.73.208.12', 'c5530b72d23fede409ff84ab3ff64744723c9377859ae84adb41c16504175ca0', 'Assinado'),
(93, '2026-01-11 19:31:18', '220.176.96.161', 'ce6e8e38aa58afe3a82bd0437e3394b9ed25c64706b41b75b53574d681c9cdfe', 'Assinado'),
(10, '2025-08-22 00:16:43', '1.38.128.182', '9621d44f57c5dc67b2784c346e48a0393f7e93e42a81c83ed5f9732b7fdd1388', 'Cancelado'),
(108, '2026-05-13 07:24:45', '131.168.214.171', '8b203f7f7d83fcc133337bdc1bee1cd0650a39d0e8bbb78e1ae856acb5f2ab7a', 'Assinado'),
(130, '2025-03-20 16:20:04', '185.46.207.81', 'f5c68fbaeb55a036995c2622c84abc4c392a7e17480f7777e640970fed6d5cc8', 'Assinado'),
(137, '2025-10-10 16:52:20', '206.134.220.95', 'b7ab24a743fa37b7e81eefd250e1bf42b2880fd4c6e99a7d4a01b322d567550f', 'Assinado'),
(103, '2025-09-15 17:00:57', '23.48.206.147', 'cdcf4a539b5d8f258c67b2ae38011b35000ac90b256f56b34b5e54e013993b55', 'Cancelado'),
(184, '2026-01-22 12:53:16', '50.79.172.241', 'ece32a7b47f6c1b1f32ac69a4e69dcdc2f0f3afc9f9116295a1019c6b1d5b163', 'Assinado'),
(115, '2025-05-25 05:47:57', '57.163.37.183', '6f601c63907a5c7bc14478d968d0ddc86f80c1e472335f25a58c999833c62f64', 'Assinado'),
(19, '2025-01-28 17:24:23', '121.245.55.29', '71c5227dbe4e166a104a85be61cc492756ae0e27954a132d05ab14370c01c371', 'Assinado'),
(172, '2025-02-27 10:02:36', '6.243.197.73', 'ce7f8bef4eb7495c85b0d941ed7c4b6cddeeecebaac467666bedb96c4f3e9d16', 'Assinado'),
(109, '2026-03-05 12:18:15', '41.196.221.47', 'e06c584c64dae74fa1322001a2ab64692baefa5993545d3d5f8734e314cfcf50', 'Assinado'),
(40, '2025-10-09 11:19:53', '113.93.229.229', '0fba2b2549c436a92bf0d5b8680fa51798eda18e2a14009c6fcc18cabdda4b86', 'Assinado'),
(65, '2025-07-27 03:08:10', '22.230.43.207', 'a3043725b2472200a24ea3314625220d7612ca6f6f5f91e502568463265a75c9', 'Assinado'),
(62, '2026-01-29 12:43:24', '164.146.111.110', '8b70895212fb1d2e02ab28aebfbf9fa6751bdeeaceee44cd04ac4cb0d545630c', 'Assinado'),
(78, '2025-07-30 09:45:25', '87.101.11.128', 'c59876ffdd5f1b32af947f6df095a9d349ab4bf20ebd76a7af8aa64a777ff0a3', 'Assinado'),
(36, '2025-04-26 05:32:46', '160.164.41.136', 'fe82ec684b1f770abf48afa66391697cd09864900d2be4ec5ea38e86e954a031', 'Cancelado'),
(128, '2026-03-06 04:44:48', '123.188.72.81', 'c0dac5a19a114f22443572bba2da2fc1dc426e538771017f117744aacc09f0d2', 'Assinado'),
(105, '2026-04-04 00:13:14', '10.106.117.150', 'f0b2b5c64098bc568a6a8c39e0ec6531c366969be178609065a6fcaec5ff9723', 'Cancelado'),
(18, '2025-01-25 05:36:32', '159.25.5.243', '809ec531b66db28d0913948e630f50327e880f2462cc01fded501289f680867e', 'Assinado'),
(179, '2026-05-21 00:16:30', '12.222.250.203', '719b2bef5bb4abd5cbeb94fdbd284abee51a4a546c2d3130857af3abcc7bd37e', 'Assinado'),
(195, '2026-06-24 00:01:55', '193.96.0.229', '3f4297c96360009365228e3dbc09acb69df1f1fab08fc3dbf0c1f2f82273eca7', 'Assinado'),
(54, '2025-12-31 12:00:14', '9.165.158.142', 'e6d3040e25e8c183f5e9519ad3426ff70c5c1957af7e335440efbd0b3df18dd2', 'Assinado'),
(119, '2025-07-24 02:29:30', '171.183.243.103', '74305256eb8f25d3176494c0b1038094a7f66fff635c24442f257db78d1d1ac0', 'Assinado'),
(7, '2025-10-18 05:56:30', '101.230.115.192', '4fd579f2d0d2241b8c8ea9a9ffc4fa2fa288897aa76b96ad88d6496ba6e53976', 'Assinado'),
(141, '2026-05-08 00:15:23', '213.172.93.228', 'fb7cf8ea48283cc0268fe8d681df3fdca3453b11283843d61103a89d7778b740', 'Assinado'),
(47, '2025-09-04 00:02:51', '196.112.87.207', 'c60528f337d77e55783079dce6732dee4cc086fdaa0fce6b42c5c66abc8797cf', 'Em Análise Jurídica'),
(140, '2026-06-18 05:08:29', '145.124.33.116', '0cbbc0fded2d8b78b8f55761cb172521828e494d857d95272159fd5706223853', 'Assinado'),
(152, '2026-03-06 20:50:39', '195.188.91.40', '570a5801c451f447b8e7e537512c409efccebc8d5f4162b93dcc9b0af606d4e4', 'Assinado'),
(185, '2025-08-23 13:10:07', '102.125.72.5', '7e8fceeb6e4d17439b1becd29bf1f2ba6950348106b0ecaeba9b13efd124cae8', 'Assinado'),
(145, '2025-06-02 11:56:08', '24.196.141.101', '7119046d6d4d8602518f27e5f32eabf8aa48770df8a9fc19834777e43bdcda92', 'Assinado'),
(30, '2026-04-29 22:38:44', '124.33.160.238', '1dcd4df0ab397ffc6cd7975a5ac232204df2410f5149bb2159a3121065cf3892', 'Assinado'),
(94, '2025-08-09 22:26:11', '36.33.236.156', '853f791ca5feb99cd79a67e44121343e4429aa7fdd396f1b5c6b2118c5fecae4', 'Assinado'),
(101, '2025-11-25 01:08:41', '169.161.94.2', '58d2fa4147f865d10baba03f664a8c6d1e9e19a0d2fde7a7e89178c80717e7c0', 'Assinado'),
(72, '2025-03-01 02:42:47', '206.140.213.5', '91f6937ca560d2a7f0348598d5d65b3992243072853ea3e3f82b2b5c6802254a', 'Assinado'),
(97, '2026-06-20 13:46:01', '137.99.245.254', 'b0acd3c656f27fecab611e60b0bad0ae24334ffa31a79d9131948c48ad2b2f99', 'Assinado'),
(84, '2025-01-21 07:25:47', '73.167.94.183', '243b338aa356271892993c19d2a8142303f1fbc38572a5530f6457d086f71d6c', 'Assinado'),
(63, '2026-02-14 22:33:13', '75.176.69.104', 'd9873d8f03c684537417712c46830630d3a6e443badc8e646cb67ff8d180de51', 'Assinado'),
(148, '2025-02-16 06:52:52', '192.234.148.53', 'd394985d0f2eb97e68fc85f7e407fc7438b8389c02379875f040ada0f6539d88', 'Assinado'),
(126, '2026-05-04 10:33:30', '103.182.49.98', 'f67a1abf7af7d02347d16ed23e4766b3180d38e62a732871f850f6da32780dbb', 'Assinado'),
(163, '2026-03-09 01:56:19', '179.84.13.190', '30865571566649e1e74136b9d425fc05b15d325624d3d758ae56ed5e8a8606c9', 'Assinado'),
(186, '2026-02-20 21:28:09', '120.46.59.204', '4173fc4157471272a288a451df64724e2d2ae58a0100002a5226f3eb104bac39', 'Assinado'),
(75, '2025-07-22 13:44:24', '41.43.75.154', 'f9f24591acf1de011087cba2b84cc37d487ab1b95c11f1d67deb05421813c830', 'Assinado'),
(82, '2025-07-20 21:48:07', '220.90.242.128', '76c62c87424c959d9507d4bd63982e1c9c5bb915c7ba59602fc9d89073b758a4', 'Assinado'),
(200, '2026-06-26 12:34:27', '16.174.19.75', '197666b68a3c74323ee316726f64ca71d122fac3ed0056003ad3407caff893d0', 'Cancelado'),
(46, '2026-06-13 06:22:11', '55.200.188.157', 'b41292393977cfa04d6556427e8aad228194d1b0a7fcdd1334d01616bcc20c4e', 'Assinado'),
(81, '2025-06-15 07:52:33', '26.89.111.66', 'ab1d5d3ffd468913790e6a97f4d167b313be01b29950e85cdc9e294bc74a3909', 'Assinado'),
(123, '2025-06-01 00:49:44', '45.97.55.48', '794dc1d0f4c3ed0e56977ab74090bd34da04cb4d82ccbd260fd346aa3868c479', 'Assinado'),
(52, '2025-07-31 04:36:37', '161.20.15.214', '5f700dcc213c6226a012c18292a1ed56ed41b7880fee9c51e4cd44b02ffc1528', 'Assinado'),
(178, '2026-02-11 23:43:19', '173.134.34.249', '666e724ab56bc3e2e0653250c37d7a4efbc366e299815a14c913d8917e683cf3', 'Cancelado'),
(155, '2025-12-26 18:46:06', '190.255.87.235', '52052f5368d5afe7d7735ad0a7e0fdc3ef1cf7c40b0c42557ba52cb0ae38c425', 'Assinado'),
(83, '2026-03-20 05:05:43', '36.167.203.249', 'e187d90541a17d8949a229bee1e2b57cecf650e8c22effc4df44a6f1a0c57b18', 'Cancelado'),
(77, '2026-05-31 09:50:36', '223.184.199.98', 'ae103585ab885cec64b95748c763ac582a5af5ac55c77ab373cbb0f8ca0af987', 'Assinado'),
(35, '2025-08-27 03:47:55', '161.61.38.238', '3ff516a7812b6c92a9e3aa6365b6df37dea10843921b5ec3f14f08b47bc54add', 'Assinado'),
(153, '2025-09-10 00:16:57', '222.212.230.138', 'e8954faa8adba954932da0401149b772743aa260aaf16d53999ccf4f7dee9d40', 'Assinado'),
(167, '2026-02-05 06:08:58', '190.85.188.74', '626534624640921c027d8f56eb05fc2e55bfea8b8f4c41a42ec73c15e3f52e66', 'Assinado'),
(111, '2025-06-18 18:12:17', '145.95.14.84', '5546d53da297475ab76a98d3fef75c970a88f35ee055e251a7ef36fa4744034b', 'Assinado'),
(199, '2025-02-12 04:03:01', '141.96.88.10', '18feeb6bb57c1160897c2a3e2b562045b0296f86160df26f234c1443653ede41', 'Assinado'),
(113, '2026-06-08 01:47:19', '23.59.57.98', 'c345131e4ae766196dca605e934953290c4a0a449c406bbc206b4f037e3486db', 'Assinado'),
(85, '2026-02-24 03:36:22', '94.198.157.196', '46082404f1d3b5f7f8151e2dd0d74493aa8507917130bcfebd92bebb9d578f34', 'Assinado'),
(98, '2025-07-15 00:50:05', '119.222.1.29', '1133160d73ec82f5d103be3403a1e261de371e7a219b8f96c53600d5bbedd8f0', 'Assinado'),
(159, '2026-03-12 22:36:17', '2.170.101.172', '6c5e8dcd42b274f0118cdd39a0231efe381087280a72a51819fcf726ee3dc93d', 'Cancelado'),
(86, '2025-03-19 08:14:43', '39.110.248.74', '1ff8775ad5693e0285d406e1e532d1508327be432e0902c89453eb7ebe051081', 'Assinado'),
(102, '2025-09-06 16:55:33', '122.47.92.216', '6c29c225f85d4ecf181b7382d3bd1f75f97acb3ec591d9cc78d08e942e04a3c4', 'Assinado');

-- BLOCO 6: VIAGEM (200 registros)
INSERT INTO Viagem (id_contrato, data_embarque, data_retorno, status_viagem)
VALUES
(121, '2025-08-31 02:13:30', '2025-09-12 06:13:30', 'Em Andamento'),
(150, '2026-02-24 16:47:38', '2026-03-04 16:47:38', 'Confirmada'),
(197, '2026-09-08 14:48:17', '2026-09-23 19:48:17', 'Em Andamento'),
(115, '2026-12-08 14:32:45', '2026-12-24 17:32:45', 'Concluída'),
(26, '2026-06-23 18:45:50', '2026-07-09 20:45:50', 'Confirmada'),
(15, '2026-05-29 17:18:16', '2026-06-11 20:18:16', 'Em Andamento'),
(107, '2027-03-04 05:36:59', '2027-03-21 07:36:59', 'Concluída'),
(30, '2025-03-18 08:03:57', '2025-04-04 10:03:57', 'Cancelada'),
(144, '2026-01-09 21:30:38', '2026-01-19 01:30:38', 'Cancelada'),
(75, '2025-03-17 21:08:49', '2025-04-02 22:08:49', 'Confirmada'),
(136, '2026-08-29 01:03:52', '2026-09-09 04:03:52', 'Em Andamento'),
(68, '2025-08-23 04:48:21', '2025-08-31 07:48:21', 'Confirmada'),
(111, '2026-04-26 05:48:04', '2026-04-30 05:48:04', 'Confirmada'),
(10, '2026-07-04 20:30:00', '2026-07-18 21:30:00', 'Em Andamento'),
(46, '2025-02-15 05:21:50', '2025-03-03 06:21:50', 'Em Andamento'),
(94, '2025-08-03 22:48:16', '2025-08-11 23:48:16', 'Confirmada'),
(89, '2027-01-04 01:02:07', '2027-01-20 04:02:07', 'Concluída'),
(130, '2027-02-07 06:04:41', '2027-02-19 09:04:41', 'Confirmada'),
(27, '2026-06-06 21:31:45', '2026-06-12 00:31:45', 'Confirmada'),
(169, '2025-06-03 19:45:35', '2025-06-11 21:45:35', 'Concluída'),
(191, '2025-07-06 05:05:24', '2025-07-11 07:05:24', 'Em Andamento'),
(7, '2027-03-24 22:38:21', '2027-04-05 02:38:21', 'Cancelada'),
(193, '2026-09-27 02:49:11', '2026-10-01 02:49:11', 'Cancelada'),
(146, '2025-02-24 07:45:46', '2025-03-02 10:45:46', 'Concluída'),
(167, '2026-10-09 06:58:06', '2026-10-27 11:58:06', 'Concluída'),
(104, '2025-08-18 14:40:25', '2025-08-27 14:40:25', 'Confirmada'),
(125, '2026-08-11 16:48:45', '2026-08-28 16:48:45', 'Em Andamento'),
(2, '2026-04-01 09:31:36', '2026-04-18 10:31:36', 'Em Andamento'),
(47, '2026-10-28 15:47:55', '2026-11-08 16:47:55', 'Concluída'),
(180, '2026-11-23 04:42:27', '2026-11-28 05:42:27', 'Concluída'),
(76, '2025-10-14 17:37:25', '2025-10-18 18:37:25', 'Concluída'),
(171, '2026-01-22 10:33:51', '2026-02-09 12:33:51', 'Confirmada'),
(188, '2026-07-23 01:20:49', '2026-08-07 05:20:49', 'Confirmada'),
(120, '2026-07-30 06:09:32', '2026-08-07 08:09:32', 'Em Andamento'),
(143, '2025-10-30 14:04:34', '2025-11-11 15:04:34', 'Confirmada'),
(196, '2026-01-28 06:29:32', '2026-02-10 08:29:32', 'Confirmada'),
(3, '2026-03-24 20:59:25', '2026-03-28 20:59:25', 'Concluída'),
(118, '2026-11-29 19:07:29', '2026-12-10 21:07:29', 'Concluída'),
(126, '2026-04-20 01:17:08', '2026-05-07 03:17:08', 'Concluída'),
(119, '2025-12-03 17:35:00', '2025-12-08 17:35:00', 'Confirmada'),
(31, '2025-11-28 16:01:59', '2025-12-05 21:01:59', 'Em Andamento'),
(50, '2026-04-20 10:56:32', '2026-05-08 15:56:32', 'Em Andamento'),
(141, '2025-06-12 20:03:47', '2025-06-29 23:03:47', 'Em Andamento'),
(44, '2026-10-12 11:53:00', '2026-10-21 12:53:00', 'Concluída'),
(172, '2025-10-17 10:15:44', '2025-11-04 11:15:44', 'Confirmada'),
(174, '2026-09-13 13:02:43', '2026-09-21 13:02:43', 'Em Andamento'),
(65, '2026-08-04 08:17:20', '2026-08-07 13:17:20', 'Concluída'),
(142, '2025-05-16 12:03:54', '2025-05-31 13:03:54', 'Cancelada'),
(8, '2026-03-04 00:28:34', '2026-03-17 05:28:34', 'Concluída'),
(170, '2025-03-24 13:47:27', '2025-04-08 17:47:27', 'Em Andamento'),
(133, '2026-01-23 14:02:08', '2026-02-05 19:02:08', 'Concluída'),
(87, '2025-09-13 23:31:03', '2025-09-25 03:31:03', 'Em Andamento'),
(192, '2026-06-30 05:28:19', '2026-07-10 07:28:19', 'Confirmada'),
(113, '2025-07-12 07:19:21', '2025-07-17 12:19:21', 'Em Andamento'),
(116, '2026-12-17 08:34:51', '2027-01-04 12:34:51', 'Confirmada'),
(22, '2025-05-16 00:28:55', '2025-06-01 02:28:55', 'Em Andamento'),
(21, '2026-04-10 04:26:09', '2026-04-21 06:26:09', 'Em Andamento'),
(91, '2026-08-13 09:48:23', '2026-08-24 11:48:23', 'Concluída'),
(56, '2025-12-24 15:17:06', '2026-01-07 20:17:06', 'Confirmada'),
(58, '2026-01-04 18:51:04', '2026-01-21 23:51:04', 'Cancelada'),
(45, '2025-07-17 10:57:30', '2025-07-20 15:57:30', 'Concluída'),
(20, '2026-06-13 21:03:10', '2026-06-24 02:03:10', 'Concluída'),
(37, '2025-09-17 11:40:21', '2025-10-04 15:40:21', 'Concluída'),
(85, '2026-03-04 20:07:07', '2026-03-20 00:07:07', 'Concluída'),
(40, '2026-11-24 02:57:25', '2026-12-01 07:57:25', 'Concluída'),
(80, '2026-05-22 11:18:17', '2026-06-04 14:18:17', 'Concluída'),
(138, '2025-08-26 08:49:00', '2025-09-13 08:49:00', 'Confirmada'),
(32, '2026-12-31 03:22:24', '2027-01-07 05:22:24', 'Confirmada'),
(173, '2025-03-29 14:10:42', '2025-04-03 19:10:42', 'Em Andamento'),
(106, '2026-09-16 09:19:48', '2026-09-27 10:19:48', 'Confirmada'),
(49, '2025-12-14 11:47:40', '2025-12-24 15:47:40', 'Concluída'),
(51, '2026-02-01 18:48:08', '2026-02-11 22:48:08', 'Cancelada'),
(24, '2025-09-23 11:44:40', '2025-09-29 16:44:40', 'Concluída'),
(153, '2027-03-19 16:12:07', '2027-03-22 19:12:07', 'Em Andamento'),
(182, '2025-10-03 01:43:20', '2025-10-12 02:43:20', 'Concluída'),
(14, '2025-04-18 16:52:28', '2025-04-27 17:52:28', 'Confirmada'),
(100, '2025-04-11 13:35:51', '2025-04-17 13:35:51', 'Confirmada'),
(152, '2025-10-31 23:39:26', '2025-11-03 23:39:26', 'Confirmada'),
(82, '2026-09-23 12:52:45', '2026-10-10 15:52:45', 'Confirmada'),
(187, '2025-04-12 09:15:52', '2025-04-15 13:15:52', 'Cancelada'),
(178, '2027-02-17 23:15:17', '2027-03-04 23:15:17', 'Confirmada'),
(35, '2025-06-10 21:15:32', '2025-06-22 22:15:32', 'Confirmada'),
(124, '2025-06-25 09:04:19', '2025-07-07 09:04:19', 'Em Andamento'),
(164, '2026-02-01 10:04:37', '2026-02-13 12:04:37', 'Concluída'),
(194, '2025-06-13 02:58:57', '2025-06-17 05:58:57', 'Confirmada'),
(199, '2025-09-03 18:26:03', '2025-09-12 20:26:03', 'Confirmada'),
(110, '2026-06-07 11:57:25', '2026-06-13 11:57:25', 'Confirmada'),
(145, '2025-02-27 06:08:27', '2025-03-16 09:08:27', 'Em Andamento'),
(98, '2025-02-06 10:47:57', '2025-02-20 12:47:57', 'Em Andamento'),
(132, '2026-09-13 01:12:20', '2026-09-30 01:12:20', 'Confirmada'),
(134, '2025-04-13 13:52:57', '2025-04-29 16:52:57', 'Em Andamento'),
(81, '2026-09-29 17:47:42', '2026-10-15 19:47:42', 'Confirmada'),
(70, '2025-02-21 06:14:15', '2025-03-08 08:14:15', 'Confirmada'),
(74, '2025-06-15 10:30:36', '2025-06-20 15:30:36', 'Cancelada'),
(186, '2026-01-16 04:58:54', '2026-01-28 04:58:54', 'Cancelada'),
(161, '2026-06-19 05:01:24', '2026-06-25 08:01:24', 'Concluída'),
(181, '2026-03-25 15:59:50', '2026-04-12 15:59:50', 'Concluída'),
(117, '2025-02-24 08:53:44', '2025-03-10 12:53:44', 'Cancelada'),
(163, '2026-11-30 19:42:12', '2026-12-16 23:42:12', 'Confirmada'),
(175, '2025-09-07 18:24:01', '2025-09-22 22:24:01', 'Concluída'),
(99, '2026-10-23 13:03:15', '2026-10-31 16:03:15', 'Concluída'),
(108, '2025-02-24 23:08:47', '2025-03-07 03:08:47', 'Concluída'),
(96, '2025-08-03 19:02:19', '2025-08-21 23:02:19', 'Em Andamento'),
(62, '2027-02-24 21:06:41', '2027-03-01 23:06:41', 'Confirmada'),
(95, '2026-11-29 01:07:10', '2026-12-07 03:07:10', 'Concluída'),
(97, '2025-06-01 10:41:26', '2025-06-18 13:41:26', 'Confirmada'),
(61, '2026-02-03 18:35:18', '2026-02-10 18:35:18', 'Em Andamento'),
(9, '2025-08-26 03:27:13', '2025-09-11 08:27:13', 'Cancelada'),
(166, '2026-08-11 22:05:53', '2026-08-29 03:05:53', 'Concluída'),
(52, '2025-11-18 03:21:49', '2025-12-03 03:21:49', 'Confirmada'),
(54, '2025-06-03 04:37:52', '2025-06-06 08:37:52', 'Confirmada'),
(73, '2025-09-05 05:45:35', '2025-09-10 08:45:35', 'Confirmada'),
(101, '2026-06-04 07:59:17', '2026-06-10 10:59:17', 'Concluída'),
(4, '2026-04-28 17:20:14', '2026-05-03 22:20:14', 'Concluída'),
(176, '2027-03-01 12:18:50', '2027-03-13 15:18:50', 'Concluída'),
(128, '2025-05-27 22:20:39', '2025-06-03 02:20:39', 'Concluída'),
(90, '2025-09-13 17:04:14', '2025-09-24 17:04:14', 'Concluída'),
(183, '2026-10-19 17:57:16', '2026-10-26 20:57:16', 'Confirmada'),
(177, '2025-10-11 18:35:46', '2025-10-18 22:35:46', 'Em Andamento'),
(5, '2026-07-05 06:23:34', '2026-07-10 09:23:34', 'Confirmada'),
(84, '2026-03-18 15:04:43', '2026-04-01 17:04:43', 'Em Andamento'),
(41, '2025-07-14 11:28:28', '2025-07-28 16:28:28', 'Confirmada'),
(168, '2027-02-26 03:21:58', '2027-03-02 05:21:58', 'Concluída'),
(13, '2027-03-28 17:30:06', '2027-04-04 17:30:06', 'Cancelada'),
(79, '2025-09-08 20:50:32', '2025-09-15 22:50:32', 'Concluída'),
(16, '2025-02-01 02:16:09', '2025-02-04 07:16:09', 'Confirmada'),
(34, '2026-10-14 06:55:29', '2026-10-24 11:55:29', 'Em Andamento'),
(38, '2026-10-30 22:14:02', '2026-11-10 22:14:02', 'Concluída'),
(127, '2025-12-26 04:47:43', '2026-01-02 06:47:43', 'Cancelada'),
(78, '2027-02-01 02:58:14', '2027-02-09 06:58:14', 'Confirmada'),
(72, '2026-06-25 16:23:35', '2026-07-06 16:23:35', 'Confirmada'),
(93, '2027-02-25 03:48:46', '2027-03-05 04:48:46', 'Concluída'),
(43, '2027-01-05 03:02:40', '2027-01-15 03:02:40', 'Confirmada'),
(165, '2026-11-14 23:00:07', '2026-11-20 02:00:07', 'Em Andamento'),
(86, '2026-09-03 15:43:41', '2026-09-06 18:43:41', 'Confirmada'),
(184, '2026-07-31 22:20:40', '2026-08-04 22:20:40', 'Confirmada'),
(25, '2026-09-01 13:45:52', '2026-09-04 17:45:52', 'Confirmada'),
(131, '2027-01-22 12:31:55', '2027-01-28 17:31:55', 'Confirmada'),
(83, '2025-11-16 19:57:52', '2025-12-02 19:57:52', 'Concluída'),
(66, '2025-04-09 18:15:22', '2025-04-23 19:15:22', 'Em Andamento'),
(12, '2026-12-17 10:20:43', '2026-12-21 14:20:43', 'Confirmada'),
(156, '2025-04-10 02:51:07', '2025-04-14 05:51:07', 'Confirmada'),
(48, '2026-12-01 06:34:11', '2026-12-14 11:34:11', 'Confirmada'),
(88, '2027-02-22 15:51:56', '2027-03-05 20:51:56', 'Cancelada'),
(190, '2025-06-15 13:33:56', '2025-06-27 17:33:56', 'Concluída'),
(157, '2026-05-02 05:09:28', '2026-05-12 10:09:28', 'Confirmada'),
(122, '2027-01-29 12:25:46', '2027-02-14 16:25:46', 'Concluída'),
(159, '2025-12-29 09:50:14', '2026-01-14 11:50:14', 'Confirmada'),
(60, '2026-03-07 09:02:28', '2026-03-18 12:02:28', 'Cancelada'),
(28, '2026-11-05 05:23:59', '2026-11-10 09:23:59', 'Cancelada'),
(198, '2025-09-08 10:12:24', '2025-09-26 11:12:24', 'Cancelada'),
(53, '2025-06-09 09:08:03', '2025-06-18 14:08:03', 'Cancelada'),
(42, '2025-03-28 04:20:38', '2025-04-08 06:20:38', 'Confirmada'),
(154, '2026-08-01 11:52:06', '2026-08-16 12:52:06', 'Concluída'),
(200, '2025-05-18 18:05:41', '2025-06-04 20:05:41', 'Confirmada'),
(64, '2026-08-14 03:38:58', '2026-08-31 05:38:58', 'Concluída'),
(151, '2026-02-11 20:47:42', '2026-02-24 21:47:42', 'Concluída'),
(29, '2025-05-05 22:41:22', '2025-05-21 00:41:22', 'Em Andamento'),
(55, '2026-12-09 09:41:54', '2026-12-13 14:41:54', 'Concluída'),
(19, '2025-11-28 23:45:08', '2025-12-09 04:45:08', 'Em Andamento'),
(77, '2026-05-12 08:59:32', '2026-05-21 12:59:32', 'Confirmada'),
(23, '2025-11-02 18:26:34', '2025-11-15 19:26:34', 'Confirmada'),
(17, '2026-05-09 19:05:12', '2026-05-24 20:05:12', 'Concluída'),
(160, '2026-06-29 22:55:10', '2026-07-12 22:55:10', 'Concluída'),
(6, '2026-12-23 05:57:12', '2027-01-03 10:57:12', 'Confirmada'),
(109, '2026-08-14 09:43:40', '2026-08-31 13:43:40', 'Confirmada'),
(18, '2025-06-05 08:54:49', '2025-06-19 11:54:49', 'Confirmada'),
(148, '2025-11-11 22:14:37', '2025-11-15 02:14:37', 'Confirmada'),
(155, '2026-07-03 18:34:00', '2026-07-16 18:34:00', 'Confirmada'),
(114, '2026-05-27 18:00:03', '2026-05-30 23:00:03', 'Em Andamento'),
(135, '2025-07-09 00:16:23', '2025-07-19 00:16:23', 'Em Andamento'),
(39, '2025-07-06 12:38:04', '2025-07-23 16:38:04', 'Em Andamento'),
(123, '2025-06-28 04:42:43', '2025-07-01 05:42:43', 'Confirmada'),
(102, '2026-05-05 03:51:34', '2026-05-22 08:51:34', 'Confirmada'),
(67, '2025-11-03 04:32:28', '2025-11-11 09:32:28', 'Confirmada'),
(36, '2026-08-31 05:58:56', '2026-09-10 07:58:56', 'Cancelada'),
(112, '2026-03-24 09:36:01', '2026-03-29 14:36:01', 'Confirmada'),
(11, '2025-02-02 00:14:05', '2025-02-07 05:14:05', 'Confirmada'),
(158, '2026-12-13 00:01:56', '2026-12-26 04:01:56', 'Confirmada'),
(59, '2025-05-04 11:06:18', '2025-05-07 12:06:18', 'Em Andamento'),
(189, '2025-04-20 20:59:18', '2025-04-25 22:59:18', 'Confirmada'),
(179, '2025-12-31 08:49:20', '2026-01-08 10:49:20', 'Em Andamento'),
(185, '2026-03-11 07:41:44', '2026-03-28 12:41:44', 'Em Andamento'),
(103, '2026-07-13 20:04:35', '2026-07-17 23:04:35', 'Confirmada'),
(137, '2027-03-07 18:44:51', '2027-03-13 21:44:51', 'Concluída'),
(69, '2025-08-20 14:30:24', '2025-09-06 18:30:24', 'Concluída'),
(57, '2026-08-04 17:03:53', '2026-08-18 22:03:53', 'Confirmada'),
(147, '2026-01-25 05:22:36', '2026-01-30 05:22:36', 'Confirmada'),
(129, '2026-10-03 23:48:51', '2026-10-16 04:48:51', 'Concluída'),
(1, '2026-05-19 08:16:11', '2026-05-22 09:16:11', 'Concluída'),
(33, '2025-08-04 02:39:08', '2025-08-07 04:39:08', 'Confirmada'),
(140, '2025-03-21 19:53:48', '2025-03-30 22:53:48', 'Confirmada'),
(139, '2026-04-18 12:10:03', '2026-04-23 12:10:03', 'Concluída'),
(71, '2025-06-26 16:56:25', '2025-07-06 21:56:25', 'Confirmada'),
(105, '2025-10-29 16:58:25', '2025-11-12 18:58:25', 'Cancelada'),
(162, '2026-02-14 11:13:16', '2026-02-28 16:13:16', 'Concluída'),
(63, '2025-09-16 14:12:41', '2025-09-20 16:12:41', 'Confirmada'),
(195, '2025-03-24 15:56:08', '2025-03-28 18:56:08', 'Em Andamento'),
(149, '2025-02-21 06:28:22', '2025-02-24 09:28:22', 'Concluída'),
(92, '2025-05-03 07:50:35', '2025-05-08 11:50:35', 'Confirmada');

-- BLOCO 7: PAGAMENTO_CONTRATO (200 registros)
INSERT INTO Pagamento_Contrato (id_contrato, metodo_pagamento, valor_total, numero_parcela, total_parcelas, status_transacao)
VALUES
(113, 'Transferência Bancária', 10685.55, 2, 3, 'Confirmado'),
(178, 'Pix', 27502.12, 3, 3, 'Pendente'),
(74, 'Boleto Bancário', 22478.02, 2, 6, 'Pendente'),
(101, 'Transferência Bancária', 17936.55, 2, 2, 'Confirmado'),
(56, 'Pix', 24398.32, 1, 1, 'Confirmado'),
(98, 'Boleto Bancário', 10401.60, 3, 10, 'Confirmado'),
(118, 'Cartão de Débito', 10389.27, 1, 1, 'Confirmado'),
(147, 'Pix', 9057.84, 2, 3, 'Confirmado'),
(25, 'Cartão de Crédito', 1514.40, 1, 1, 'Confirmado'),
(108, 'Cartão de Crédito', 14146.08, 1, 1, 'Confirmado'),
(63, 'Cartão de Crédito', 6561.85, 1, 1, 'Confirmado'),
(114, 'Pix', 30389.13, 1, 1, 'Recusado'),
(86, 'Transferência Bancária', 13327.78, 6, 12, 'Recusado'),
(48, 'Cartão de Crédito', 7285.25, 5, 10, 'Pendente'),
(12, 'Pix', 36267.96, 2, 3, 'Confirmado'),
(46, 'Cartão de Crédito', 33729.78, 2, 2, 'Confirmado'),
(134, 'Pix', 3830.18, 8, 12, 'Recusado'),
(178, 'Cartão de Débito', 5621.35, 2, 12, 'Pendente'),
(89, 'Pix', 9310.32, 1, 1, 'Pendente'),
(180, 'Pix', 4617.01, 1, 2, 'Confirmado'),
(135, 'Cartão de Crédito', 20299.51, 12, 12, 'Pendente'),
(94, 'Cartão de Débito', 4449.87, 1, 1, 'Confirmado'),
(55, 'Cartão de Débito', 14711.42, 1, 1, 'Confirmado'),
(119, 'Transferência Bancária', 7155.11, 1, 1, 'Confirmado'),
(12, 'Cartão de Crédito', 28752.78, 2, 6, 'Confirmado'),
(196, 'Cartão de Débito', 32741.87, 1, 1, 'Confirmado'),
(40, 'Cartão de Débito', 34614.18, 3, 12, 'Confirmado'),
(71, 'Boleto Bancário', 36571.53, 1, 4, 'Confirmado'),
(132, 'Pix', 7178.90, 3, 12, 'Pendente'),
(46, 'Cartão de Débito', 8869.49, 2, 4, 'Confirmado'),
(59, 'Pix', 25495.08, 1, 2, 'Confirmado'),
(72, 'Boleto Bancário', 19003.53, 2, 4, 'Confirmado'),
(192, 'Cartão de Débito', 28654.98, 1, 1, 'Estornado'),
(93, 'Cartão de Débito', 23270.53, 3, 3, 'Pendente'),
(33, 'Cartão de Crédito', 5676.86, 1, 3, 'Confirmado'),
(183, 'Pix', 9064.60, 1, 2, 'Confirmado'),
(128, 'Boleto Bancário', 32460.52, 1, 2, 'Confirmado'),
(184, 'Pix', 2484.94, 1, 2, 'Confirmado'),
(13, 'Transferência Bancária', 10340.90, 1, 3, 'Confirmado'),
(15, 'Boleto Bancário', 27449.91, 2, 3, 'Confirmado'),
(92, 'Transferência Bancária', 34409.61, 1, 1, 'Pendente'),
(19, 'Cartão de Crédito', 25097.76, 1, 1, 'Confirmado'),
(176, 'Cartão de Crédito', 18351.51, 10, 10, 'Pendente'),
(41, 'Cartão de Débito', 28703.20, 1, 3, 'Estornado'),
(8, 'Boleto Bancário', 10136.23, 1, 4, 'Confirmado'),
(101, 'Pix', 6538.47, 1, 1, 'Estornado'),
(108, 'Transferência Bancária', 1468.41, 1, 1, 'Confirmado'),
(95, 'Transferência Bancária', 32125.15, 8, 10, 'Estornado'),
(11, 'Transferência Bancária', 9614.81, 3, 10, 'Pendente'),
(132, 'Transferência Bancária', 14363.98, 1, 1, 'Confirmado'),
(200, 'Boleto Bancário', 12083.64, 1, 1, 'Estornado'),
(101, 'Pix', 26323.98, 3, 3, 'Confirmado'),
(107, 'Boleto Bancário', 1266.26, 3, 10, 'Confirmado'),
(34, 'Pix', 15226.86, 2, 10, 'Pendente'),
(38, 'Boleto Bancário', 8969.18, 3, 10, 'Recusado'),
(190, 'Boleto Bancário', 35808.06, 3, 6, 'Confirmado'),
(26, 'Cartão de Débito', 32448.07, 1, 1, 'Estornado'),
(153, 'Cartão de Débito', 4584.09, 3, 10, 'Confirmado'),
(186, 'Boleto Bancário', 34570.65, 1, 1, 'Confirmado'),
(52, 'Cartão de Débito', 13503.85, 1, 3, 'Confirmado'),
(73, 'Transferência Bancária', 37040.71, 2, 2, 'Confirmado'),
(94, 'Cartão de Débito', 9688.25, 2, 3, 'Estornado'),
(9, 'Pix', 3823.17, 6, 6, 'Confirmado'),
(104, 'Cartão de Crédito', 14801.59, 3, 4, 'Recusado'),
(200, 'Transferência Bancária', 34892.90, 4, 4, 'Confirmado'),
(117, 'Transferência Bancária', 22691.92, 3, 4, 'Estornado'),
(93, 'Pix', 17125.52, 5, 12, 'Confirmado'),
(187, 'Cartão de Débito', 29734.91, 2, 10, 'Confirmado'),
(72, 'Pix', 3879.86, 3, 6, 'Confirmado'),
(138, 'Cartão de Crédito', 22168.04, 1, 4, 'Confirmado'),
(48, 'Transferência Bancária', 23029.75, 3, 6, 'Confirmado'),
(102, 'Boleto Bancário', 32229.07, 1, 2, 'Recusado'),
(62, 'Cartão de Crédito', 17741.07, 2, 4, 'Confirmado'),
(199, 'Cartão de Débito', 37529.43, 2, 4, 'Confirmado'),
(74, 'Cartão de Crédito', 37914.65, 2, 4, 'Confirmado'),
(41, 'Transferência Bancária', 31204.22, 3, 4, 'Recusado'),
(55, 'Cartão de Crédito', 17726.43, 4, 10, 'Confirmado'),
(118, 'Pix', 4812.46, 1, 1, 'Confirmado'),
(176, 'Cartão de Crédito', 19315.03, 2, 6, 'Pendente'),
(31, 'Cartão de Crédito', 14597.75, 2, 12, 'Recusado'),
(143, 'Boleto Bancário', 12744.34, 2, 3, 'Confirmado'),
(169, 'Boleto Bancário', 28334.56, 2, 2, 'Recusado'),
(130, 'Transferência Bancária', 10574.17, 1, 12, 'Pendente'),
(50, 'Pix', 33172.15, 1, 1, 'Confirmado'),
(190, 'Pix', 9196.01, 8, 12, 'Confirmado'),
(148, 'Transferência Bancária', 15781.30, 4, 6, 'Pendente'),
(120, 'Cartão de Crédito', 5080.15, 1, 1, 'Recusado'),
(162, 'Boleto Bancário', 31156.53, 9, 12, 'Pendente'),
(95, 'Boleto Bancário', 24998.31, 1, 1, 'Pendente'),
(39, 'Transferência Bancária', 32677.21, 1, 2, 'Pendente'),
(48, 'Boleto Bancário', 18108.40, 1, 3, 'Confirmado'),
(155, 'Boleto Bancário', 9349.57, 1, 1, 'Confirmado'),
(136, 'Cartão de Crédito', 19266.67, 1, 2, 'Pendente'),
(51, 'Transferência Bancária', 24011.19, 6, 6, 'Pendente'),
(199, 'Transferência Bancária', 7471.18, 1, 1, 'Confirmado'),
(162, 'Transferência Bancária', 30000.65, 2, 6, 'Confirmado'),
(158, 'Boleto Bancário', 31599.50, 1, 3, 'Pendente'),
(39, 'Transferência Bancária', 9354.40, 3, 3, 'Confirmado'),
(45, 'Cartão de Crédito', 11595.55, 12, 12, 'Confirmado'),
(57, 'Boleto Bancário', 9304.84, 2, 3, 'Confirmado'),
(130, 'Boleto Bancário', 36962.34, 7, 12, 'Pendente'),
(13, 'Cartão de Débito', 37115.36, 1, 1, 'Confirmado'),
(128, 'Cartão de Crédito', 29274.40, 1, 2, 'Confirmado'),
(26, 'Cartão de Crédito', 19156.08, 2, 2, 'Pendente'),
(166, 'Cartão de Débito', 9184.78, 1, 2, 'Estornado'),
(127, 'Transferência Bancária', 35148.74, 3, 4, 'Confirmado'),
(123, 'Pix', 12965.75, 2, 4, 'Pendente'),
(56, 'Pix', 6197.55, 1, 2, 'Confirmado'),
(194, 'Cartão de Débito', 11769.97, 2, 2, 'Confirmado'),
(172, 'Cartão de Débito', 6666.19, 1, 2, 'Confirmado'),
(91, 'Transferência Bancária', 3067.77, 2, 2, 'Confirmado'),
(168, 'Cartão de Crédito', 34303.08, 3, 3, 'Confirmado'),
(123, 'Pix', 3420.09, 1, 1, 'Confirmado'),
(176, 'Transferência Bancária', 11167.64, 1, 3, 'Confirmado'),
(81, 'Pix', 32693.40, 1, 4, 'Confirmado'),
(83, 'Pix', 1452.10, 1, 1, 'Confirmado'),
(45, 'Transferência Bancária', 25443.70, 4, 4, 'Confirmado'),
(185, 'Transferência Bancária', 25286.33, 2, 10, 'Confirmado'),
(71, 'Transferência Bancária', 2618.47, 3, 6, 'Confirmado'),
(45, 'Cartão de Crédito', 14595.05, 5, 10, 'Pendente'),
(145, 'Boleto Bancário', 13174.59, 1, 4, 'Confirmado'),
(172, 'Cartão de Crédito', 22299.39, 10, 10, 'Estornado'),
(152, 'Boleto Bancário', 17654.34, 6, 12, 'Confirmado'),
(16, 'Transferência Bancária', 30717.01, 1, 2, 'Confirmado'),
(112, 'Pix', 25649.88, 1, 1, 'Pendente'),
(187, 'Cartão de Crédito', 6495.32, 1, 1, 'Confirmado'),
(193, 'Transferência Bancária', 34514.96, 8, 10, 'Confirmado'),
(166, 'Transferência Bancária', 15991.69, 4, 12, 'Pendente'),
(110, 'Transferência Bancária', 34042.93, 1, 3, 'Confirmado'),
(198, 'Pix', 5835.10, 1, 10, 'Confirmado'),
(87, 'Cartão de Débito', 36660.08, 11, 12, 'Confirmado'),
(91, 'Pix', 32096.46, 3, 3, 'Confirmado'),
(179, 'Boleto Bancário', 8471.72, 1, 1, 'Confirmado'),
(49, 'Cartão de Crédito', 36288.77, 2, 6, 'Confirmado'),
(38, 'Cartão de Crédito', 6823.89, 1, 1, 'Confirmado'),
(199, 'Boleto Bancário', 18967.04, 5, 10, 'Estornado'),
(145, 'Transferência Bancária', 30572.99, 4, 4, 'Pendente'),
(13, 'Cartão de Crédito', 6147.39, 7, 12, 'Confirmado'),
(140, 'Transferência Bancária', 19342.06, 4, 4, 'Confirmado'),
(80, 'Cartão de Crédito', 16503.20, 2, 3, 'Recusado'),
(110, 'Cartão de Crédito', 10469.31, 1, 6, 'Pendente'),
(63, 'Boleto Bancário', 12610.92, 2, 3, 'Pendente'),
(151, 'Transferência Bancária', 37075.66, 10, 10, 'Pendente'),
(119, 'Transferência Bancária', 3879.85, 2, 6, 'Confirmado'),
(98, 'Pix', 12846.61, 1, 1, 'Confirmado'),
(185, 'Cartão de Crédito', 7591.07, 1, 6, 'Pendente'),
(42, 'Transferência Bancária', 16271.12, 2, 3, 'Confirmado'),
(21, 'Boleto Bancário', 23701.72, 5, 6, 'Confirmado'),
(73, 'Transferência Bancária', 25308.86, 2, 3, 'Estornado'),
(193, 'Boleto Bancário', 33356.12, 2, 4, 'Confirmado'),
(66, 'Cartão de Crédito', 30282.75, 1, 4, 'Confirmado'),
(155, 'Cartão de Débito', 10011.99, 3, 3, 'Estornado'),
(67, 'Boleto Bancário', 22376.73, 2, 4, 'Confirmado'),
(70, 'Transferência Bancária', 10723.58, 1, 2, 'Confirmado'),
(152, 'Boleto Bancário', 19493.68, 2, 2, 'Confirmado'),
(56, 'Cartão de Débito', 25736.74, 1, 4, 'Confirmado'),
(27, 'Cartão de Crédito', 37915.02, 3, 12, 'Pendente'),
(45, 'Cartão de Crédito', 32828.61, 1, 1, 'Confirmado'),
(133, 'Boleto Bancário', 8090.14, 6, 10, 'Confirmado'),
(150, 'Pix', 32781.27, 1, 2, 'Confirmado'),
(11, 'Boleto Bancário', 11255.00, 5, 10, 'Confirmado'),
(17, 'Pix', 27756.95, 3, 3, 'Pendente'),
(8, 'Pix', 34192.70, 1, 6, 'Pendente'),
(30, 'Pix', 28138.73, 6, 12, 'Recusado'),
(92, 'Cartão de Débito', 27143.56, 4, 10, 'Confirmado'),
(87, 'Transferência Bancária', 36660.36, 2, 10, 'Recusado'),
(157, 'Pix', 35939.35, 3, 4, 'Confirmado'),
(49, 'Boleto Bancário', 26728.02, 7, 10, 'Confirmado'),
(19, 'Pix', 35575.03, 1, 6, 'Recusado'),
(76, 'Pix', 8007.79, 3, 10, 'Estornado'),
(190, 'Pix', 2190.64, 1, 3, 'Confirmado'),
(75, 'Pix', 10772.81, 3, 3, 'Pendente'),
(78, 'Pix', 25524.73, 9, 10, 'Confirmado'),
(173, 'Transferência Bancária', 29902.02, 1, 1, 'Confirmado'),
(167, 'Boleto Bancário', 27283.50, 2, 2, 'Confirmado'),
(150, 'Cartão de Crédito', 6618.30, 1, 1, 'Confirmado'),
(74, 'Cartão de Crédito', 18208.49, 1, 3, 'Confirmado'),
(82, 'Cartão de Crédito', 6698.89, 1, 6, 'Pendente'),
(144, 'Cartão de Débito', 35937.06, 7, 10, 'Confirmado'),
(115, 'Boleto Bancário', 27990.30, 1, 2, 'Confirmado'),
(134, 'Pix', 24054.69, 1, 3, 'Pendente'),
(35, 'Boleto Bancário', 15817.15, 1, 1, 'Confirmado'),
(3, 'Pix', 1763.86, 2, 3, 'Confirmado'),
(113, 'Cartão de Crédito', 28147.04, 1, 1, 'Confirmado'),
(94, 'Cartão de Crédito', 17160.84, 3, 10, 'Confirmado'),
(157, 'Cartão de Débito', 13820.19, 2, 6, 'Recusado'),
(15, 'Pix', 11249.68, 2, 6, 'Pendente'),
(45, 'Pix', 28171.23, 4, 4, 'Pendente'),
(8, 'Pix', 10985.11, 1, 2, 'Pendente'),
(76, 'Transferência Bancária', 3473.16, 1, 1, 'Confirmado'),
(42, 'Pix', 25474.04, 2, 2, 'Pendente'),
(96, 'Cartão de Crédito', 17227.79, 5, 10, 'Confirmado'),
(140, 'Transferência Bancária', 27983.43, 1, 1, 'Confirmado'),
(177, 'Transferência Bancária', 12847.31, 4, 4, 'Pendente'),
(154, 'Pix', 35245.68, 1, 1, 'Confirmado'),
(139, 'Pix', 20839.29, 3, 12, 'Confirmado'),
(121, 'Pix', 13527.67, 1, 1, 'Pendente'),
(154, 'Cartão de Crédito', 30688.72, 4, 6, 'Confirmado'),
(137, 'Boleto Bancário', 27352.26, 1, 2, 'Confirmado'),
(161, 'Pix', 17673.24, 1, 1, 'Pendente');

-- BLOCO 8: CONSENTIMENTOS_LGPD (200 registros)
INSERT INTO Consentimentos_LGPD (id_cliente, tipo_consentimento, status)
VALUES
(22, 'Uso de Dados para Marketing', 'Revogado'),
(31, 'Newsletter Promocional', 'Ativo'),
(132, 'Uso de Dados para Marketing', 'Ativo'),
(89, 'Uso de Dados para Pesquisa de Satisfação', 'Ativo'),
(191, 'Newsletter Promocional', 'Ativo'),
(19, 'Comunicação por WhatsApp', 'Revogado'),
(125, 'Uso de Dados para Cotação', 'Ativo'),
(162, 'Compartilhamento com Parceiros', 'Ativo'),
(91, 'Uso de Dados para Marketing', 'Ativo'),
(159, 'Newsletter Promocional', 'Ativo'),
(91, 'Compartilhamento com Parceiros', 'Ativo'),
(189, 'Uso de Dados para Marketing', 'Ativo'),
(45, 'Compartilhamento com Parceiros', 'Ativo'),
(127, 'Comunicação por WhatsApp', 'Ativo'),
(64, 'Compartilhamento com Parceiros', 'Ativo'),
(47, 'Compartilhamento com Parceiros', 'Ativo'),
(75, 'Compartilhamento com Parceiros', 'Ativo'),
(97, 'Compartilhamento com Parceiros', 'Ativo'),
(83, 'Uso de Dados para Pesquisa de Satisfação', 'Revogado'),
(152, 'Uso de Dados para Pesquisa de Satisfação', 'Ativo'),
(50, 'Compartilhamento com Parceiros', 'Ativo'),
(1, 'Uso de Dados para Pesquisa de Satisfação', 'Ativo'),
(51, 'Compartilhamento com Parceiros', 'Revogado'),
(76, 'Uso de Dados para Cotação', 'Ativo'),
(5, 'Uso de Dados para Cotação', 'Ativo'),
(133, 'Comunicação por WhatsApp', 'Ativo'),
(149, 'Uso de Dados para Cotação', 'Ativo'),
(119, 'Uso de Dados para Marketing', 'Revogado'),
(3, 'Uso de Dados para Cotação', 'Ativo'),
(97, 'Newsletter Promocional', 'Ativo'),
(19, 'Newsletter Promocional', 'Ativo'),
(81, 'Compartilhamento com Parceiros', 'Ativo'),
(115, 'Comunicação por WhatsApp', 'Ativo'),
(180, 'Compartilhamento com Parceiros', 'Ativo'),
(163, 'Uso de Dados para Pesquisa de Satisfação', 'Ativo'),
(154, 'Uso de Dados para Pesquisa de Satisfação', 'Ativo'),
(60, 'Uso de Dados para Cotação', 'Ativo'),
(128, 'Comunicação por WhatsApp', 'Ativo'),
(44, 'Compartilhamento com Parceiros', 'Revogado'),
(146, 'Compartilhamento com Parceiros', 'Ativo'),
(21, 'Comunicação por WhatsApp', 'Ativo'),
(22, 'Compartilhamento com Parceiros', 'Revogado'),
(35, 'Uso de Dados para Marketing', 'Ativo'),
(147, 'Uso de Dados para Pesquisa de Satisfação', 'Revogado'),
(39, 'Newsletter Promocional', 'Ativo'),
(19, 'Uso de Dados para Cotação', 'Revogado'),
(197, 'Comunicação por WhatsApp', 'Ativo'),
(39, 'Newsletter Promocional', 'Ativo'),
(194, 'Uso de Dados para Pesquisa de Satisfação', 'Ativo'),
(103, 'Compartilhamento com Parceiros', 'Ativo'),
(119, 'Uso de Dados para Pesquisa de Satisfação', 'Ativo'),
(40, 'Uso de Dados para Pesquisa de Satisfação', 'Ativo'),
(160, 'Uso de Dados para Pesquisa de Satisfação', 'Ativo'),
(196, 'Compartilhamento com Parceiros', 'Ativo'),
(97, 'Uso de Dados para Marketing', 'Ativo'),
(67, 'Newsletter Promocional', 'Ativo'),
(166, 'Uso de Dados para Pesquisa de Satisfação', 'Ativo'),
(25, 'Compartilhamento com Parceiros', 'Ativo'),
(28, 'Compartilhamento com Parceiros', 'Ativo'),
(195, 'Uso de Dados para Marketing', 'Ativo'),
(147, 'Newsletter Promocional', 'Revogado'),
(58, 'Uso de Dados para Pesquisa de Satisfação', 'Revogado'),
(17, 'Uso de Dados para Pesquisa de Satisfação', 'Ativo'),
(39, 'Uso de Dados para Marketing', 'Revogado'),
(45, 'Uso de Dados para Marketing', 'Ativo'),
(76, 'Newsletter Promocional', 'Ativo'),
(29, 'Uso de Dados para Pesquisa de Satisfação', 'Ativo'),
(40, 'Comunicação por WhatsApp', 'Ativo'),
(138, 'Comunicação por WhatsApp', 'Revogado'),
(77, 'Uso de Dados para Marketing', 'Ativo'),
(150, 'Uso de Dados para Marketing', 'Ativo'),
(68, 'Newsletter Promocional', 'Ativo'),
(100, 'Uso de Dados para Cotação', 'Revogado'),
(193, 'Compartilhamento com Parceiros', 'Revogado'),
(173, 'Uso de Dados para Marketing', 'Ativo'),
(100, 'Compartilhamento com Parceiros', 'Ativo'),
(129, 'Comunicação por WhatsApp', 'Ativo'),
(135, 'Comunicação por WhatsApp', 'Ativo'),
(81, 'Newsletter Promocional', 'Ativo'),
(189, 'Comunicação por WhatsApp', 'Ativo'),
(73, 'Comunicação por WhatsApp', 'Ativo'),
(199, 'Uso de Dados para Pesquisa de Satisfação', 'Ativo'),
(112, 'Uso de Dados para Pesquisa de Satisfação', 'Ativo'),
(76, 'Uso de Dados para Pesquisa de Satisfação', 'Ativo'),
(157, 'Compartilhamento com Parceiros', 'Ativo'),
(112, 'Compartilhamento com Parceiros', 'Ativo'),
(50, 'Compartilhamento com Parceiros', 'Ativo'),
(177, 'Uso de Dados para Marketing', 'Ativo'),
(42, 'Newsletter Promocional', 'Ativo'),
(56, 'Uso de Dados para Marketing', 'Ativo'),
(125, 'Newsletter Promocional', 'Revogado'),
(146, 'Uso de Dados para Pesquisa de Satisfação', 'Revogado'),
(24, 'Comunicação por WhatsApp', 'Revogado'),
(115, 'Compartilhamento com Parceiros', 'Revogado'),
(105, 'Newsletter Promocional', 'Ativo'),
(157, 'Uso de Dados para Cotação', 'Ativo'),
(135, 'Uso de Dados para Marketing', 'Ativo'),
(132, 'Uso de Dados para Pesquisa de Satisfação', 'Ativo'),
(189, 'Newsletter Promocional', 'Ativo'),
(57, 'Comunicação por WhatsApp', 'Ativo'),
(6, 'Uso de Dados para Pesquisa de Satisfação', 'Ativo'),
(44, 'Uso de Dados para Pesquisa de Satisfação', 'Ativo'),
(2, 'Uso de Dados para Cotação', 'Revogado'),
(192, 'Compartilhamento com Parceiros', 'Ativo'),
(50, 'Newsletter Promocional', 'Ativo'),
(25, 'Uso de Dados para Marketing', 'Ativo'),
(12, 'Uso de Dados para Cotação', 'Revogado'),
(70, 'Compartilhamento com Parceiros', 'Revogado'),
(61, 'Newsletter Promocional', 'Ativo'),
(91, 'Newsletter Promocional', 'Ativo'),
(107, 'Newsletter Promocional', 'Ativo'),
(200, 'Newsletter Promocional', 'Ativo'),
(16, 'Uso de Dados para Marketing', 'Ativo'),
(137, 'Uso de Dados para Pesquisa de Satisfação', 'Ativo'),
(118, 'Comunicação por WhatsApp', 'Revogado'),
(59, 'Compartilhamento com Parceiros', 'Revogado'),
(53, 'Newsletter Promocional', 'Ativo'),
(99, 'Uso de Dados para Pesquisa de Satisfação', 'Ativo'),
(53, 'Compartilhamento com Parceiros', 'Revogado'),
(105, 'Uso de Dados para Pesquisa de Satisfação', 'Ativo'),
(87, 'Uso de Dados para Pesquisa de Satisfação', 'Ativo'),
(162, 'Newsletter Promocional', 'Revogado'),
(193, 'Comunicação por WhatsApp', 'Ativo'),
(117, 'Uso de Dados para Marketing', 'Ativo'),
(142, 'Uso de Dados para Cotação', 'Revogado'),
(28, 'Uso de Dados para Marketing', 'Revogado'),
(49, 'Compartilhamento com Parceiros', 'Ativo'),
(41, 'Compartilhamento com Parceiros', 'Revogado'),
(184, 'Newsletter Promocional', 'Ativo'),
(173, 'Newsletter Promocional', 'Revogado'),
(188, 'Compartilhamento com Parceiros', 'Ativo'),
(48, 'Comunicação por WhatsApp', 'Ativo'),
(187, 'Uso de Dados para Marketing', 'Ativo'),
(84, 'Uso de Dados para Pesquisa de Satisfação', 'Revogado'),
(189, 'Uso de Dados para Pesquisa de Satisfação', 'Ativo'),
(124, 'Comunicação por WhatsApp', 'Ativo'),
(167, 'Uso de Dados para Marketing', 'Ativo'),
(162, 'Uso de Dados para Pesquisa de Satisfação', 'Ativo'),
(149, 'Compartilhamento com Parceiros', 'Ativo'),
(138, 'Newsletter Promocional', 'Ativo'),
(168, 'Uso de Dados para Cotação', 'Ativo'),
(20, 'Newsletter Promocional', 'Ativo'),
(156, 'Comunicação por WhatsApp', 'Revogado'),
(30, 'Comunicação por WhatsApp', 'Revogado'),
(178, 'Uso de Dados para Marketing', 'Ativo'),
(152, 'Comunicação por WhatsApp', 'Ativo'),
(137, 'Uso de Dados para Pesquisa de Satisfação', 'Ativo'),
(178, 'Uso de Dados para Cotação', 'Ativo'),
(128, 'Compartilhamento com Parceiros', 'Ativo'),
(5, 'Uso de Dados para Pesquisa de Satisfação', 'Revogado'),
(39, 'Uso de Dados para Pesquisa de Satisfação', 'Ativo'),
(95, 'Uso de Dados para Pesquisa de Satisfação', 'Revogado'),
(103, 'Newsletter Promocional', 'Ativo'),
(44, 'Newsletter Promocional', 'Revogado'),
(148, 'Uso de Dados para Marketing', 'Ativo'),
(115, 'Compartilhamento com Parceiros', 'Ativo'),
(130, 'Newsletter Promocional', 'Ativo'),
(42, 'Uso de Dados para Cotação', 'Ativo'),
(155, 'Uso de Dados para Cotação', 'Ativo'),
(161, 'Uso de Dados para Pesquisa de Satisfação', 'Ativo'),
(114, 'Uso de Dados para Pesquisa de Satisfação', 'Ativo'),
(35, 'Newsletter Promocional', 'Revogado'),
(6, 'Comunicação por WhatsApp', 'Ativo'),
(122, 'Compartilhamento com Parceiros', 'Ativo'),
(106, 'Comunicação por WhatsApp', 'Ativo'),
(78, 'Uso de Dados para Marketing', 'Ativo'),
(147, 'Newsletter Promocional', 'Ativo'),
(6, 'Newsletter Promocional', 'Ativo'),
(153, 'Comunicação por WhatsApp', 'Ativo'),
(175, 'Comunicação por WhatsApp', 'Ativo'),
(91, 'Uso de Dados para Pesquisa de Satisfação', 'Ativo'),
(147, 'Uso de Dados para Cotação', 'Ativo'),
(20, 'Newsletter Promocional', 'Ativo'),
(156, 'Newsletter Promocional', 'Revogado'),
(29, 'Comunicação por WhatsApp', 'Ativo'),
(74, 'Comunicação por WhatsApp', 'Ativo'),
(162, 'Uso de Dados para Cotação', 'Ativo'),
(188, 'Newsletter Promocional', 'Ativo'),
(137, 'Uso de Dados para Marketing', 'Revogado'),
(75, 'Newsletter Promocional', 'Ativo'),
(68, 'Uso de Dados para Cotação', 'Ativo'),
(155, 'Compartilhamento com Parceiros', 'Ativo'),
(132, 'Comunicação por WhatsApp', 'Revogado'),
(84, 'Compartilhamento com Parceiros', 'Ativo'),
(9, 'Compartilhamento com Parceiros', 'Ativo'),
(118, 'Uso de Dados para Marketing', 'Ativo'),
(75, 'Newsletter Promocional', 'Ativo'),
(16, 'Uso de Dados para Marketing', 'Revogado'),
(46, 'Uso de Dados para Cotação', 'Ativo'),
(65, 'Uso de Dados para Cotação', 'Ativo'),
(198, 'Compartilhamento com Parceiros', 'Ativo'),
(139, 'Newsletter Promocional', 'Ativo'),
(171, 'Uso de Dados para Marketing', 'Ativo'),
(79, 'Uso de Dados para Pesquisa de Satisfação', 'Revogado'),
(142, 'Compartilhamento com Parceiros', 'Ativo'),
(189, 'Comunicação por WhatsApp', 'Ativo'),
(191, 'Uso de Dados para Marketing', 'Ativo'),
(107, 'Compartilhamento com Parceiros', 'Ativo'),
(115, 'Uso de Dados para Cotação', 'Revogado'),
(13, 'Uso de Dados para Marketing', 'Ativo');

-- BLOCO 9: LOG_ACESSO (200 registros)
INSERT INTO Log_Acesso (id_usuario_interno, id_cliente, tipo_operacao, data_acesso)
VALUES
(174, NULL, 'Consulta de Contrato', '2026-06-12 06:13:05'),
(104, NULL, 'Exportação de Relatório', '2026-05-17 00:35:26'),
(53, NULL, 'Exportação de Relatório', '2025-10-28 21:42:26'),
(75, NULL, 'Exclusão de Registro', '2026-03-16 02:34:32'),
(50, 139, 'Exclusão de Registro', '2025-12-02 12:56:13'),
(115, 129, 'Alteração de Status de Viagem', '2025-01-16 03:36:43'),
(168, NULL, 'Alteração de Status de Viagem', '2025-05-06 19:48:52'),
(107, 9, 'Login no Sistema', '2025-03-29 18:26:46'),
(162, 110, 'Exportação de Relatório', '2026-06-19 07:59:04'),
(32, NULL, 'Exclusão de Registro', '2025-08-18 14:52:32'),
(78, 65, 'Edição de Cadastro', '2026-04-13 03:53:46'),
(153, 101, 'Alteração de Status de Viagem', '2025-08-02 00:33:12'),
(171, NULL, 'Consulta de Contrato', '2026-03-10 21:32:42'),
(103, 96, 'Edição de Cadastro', '2025-08-22 16:52:28'),
(10, 200, 'Edição de Cadastro', '2025-04-01 17:51:11'),
(83, 157, 'Consulta de Contrato', '2026-01-07 00:43:38'),
(36, NULL, 'Consulta de Contrato', '2025-05-19 11:00:55'),
(48, 47, 'Consulta de Cliente', '2026-04-19 00:22:00'),
(3, NULL, 'Emissão de Proposta', '2026-05-09 09:01:42'),
(166, 113, 'Login no Sistema', '2025-07-20 21:01:20'),
(128, NULL, 'Consulta de Contrato', '2025-08-24 19:01:45'),
(139, NULL, 'Exportação de Relatório', '2025-10-17 05:23:40'),
(153, NULL, 'Consulta de Contrato', '2025-09-11 09:52:56'),
(44, NULL, 'Emissão de Proposta', '2026-02-20 01:31:10'),
(58, NULL, 'Alteração de Status de Viagem', '2025-03-05 13:31:38'),
(36, NULL, 'Exportação de Relatório', '2025-06-19 10:49:21'),
(27, NULL, 'Login no Sistema', '2025-01-03 13:58:10'),
(190, NULL, 'Edição de Cadastro', '2026-05-27 09:41:23'),
(48, 18, 'Alteração de Status de Viagem', '2025-07-03 22:48:15'),
(200, 163, 'Alteração de Status de Viagem', '2026-01-20 05:00:33'),
(41, 70, 'Emissão de Proposta', '2026-04-25 14:45:50'),
(89, 183, 'Exportação de Relatório', '2026-03-07 09:59:24'),
(84, NULL, 'Exclusão de Registro', '2025-05-13 06:49:49'),
(175, 36, 'Exportação de Relatório', '2025-03-20 18:17:30'),
(104, NULL, 'Exportação de Relatório', '2026-01-16 00:20:49'),
(95, 115, 'Consulta de Cliente', '2025-02-12 12:24:40'),
(87, 136, 'Login no Sistema', '2025-10-10 03:53:45'),
(79, 67, 'Alteração de Status de Viagem', '2025-12-19 17:11:13'),
(79, NULL, 'Emissão de Proposta', '2025-10-12 08:59:56'),
(164, NULL, 'Edição de Cadastro', '2025-08-20 02:58:42'),
(113, 188, 'Exclusão de Registro', '2025-03-29 02:20:51'),
(119, NULL, 'Exclusão de Registro', '2026-06-30 12:20:23'),
(147, 67, 'Exclusão de Registro', '2026-04-14 09:22:45'),
(53, NULL, 'Emissão de Proposta', '2026-01-15 07:08:17'),
(131, 57, 'Emissão de Proposta', '2025-04-07 22:39:35'),
(136, NULL, 'Consulta de Cliente', '2025-02-23 07:41:07'),
(177, NULL, 'Edição de Cadastro', '2025-11-28 18:10:07'),
(10, 130, 'Edição de Cadastro', '2026-03-09 11:48:35'),
(18, 45, 'Alteração de Status de Viagem', '2026-02-26 23:56:25'),
(122, NULL, 'Exclusão de Registro', '2026-03-07 23:11:23'),
(112, NULL, 'Consulta de Cliente', '2025-09-01 11:20:07'),
(47, NULL, 'Exclusão de Registro', '2025-11-14 08:44:19'),
(84, 55, 'Exportação de Relatório', '2025-06-25 20:53:24'),
(124, 132, 'Login no Sistema', '2025-03-20 20:36:12'),
(132, 28, 'Exportação de Relatório', '2025-11-26 23:53:08'),
(176, 75, 'Exclusão de Registro', '2025-10-24 07:58:20'),
(128, NULL, 'Alteração de Status de Viagem', '2025-12-10 20:23:49'),
(191, 42, 'Consulta de Contrato', '2026-04-03 08:57:56'),
(17, 58, 'Emissão de Proposta', '2025-11-04 14:58:39'),
(35, 148, 'Exclusão de Registro', '2025-10-20 02:27:50'),
(162, 68, 'Exportação de Relatório', '2025-02-10 21:37:17'),
(157, 150, 'Login no Sistema', '2026-06-20 13:05:41'),
(10, NULL, 'Exportação de Relatório', '2026-01-08 14:04:48'),
(59, 137, 'Emissão de Proposta', '2026-06-16 02:10:31'),
(182, NULL, 'Consulta de Cliente', '2025-03-08 00:13:25'),
(139, 170, 'Exclusão de Registro', '2025-08-12 07:11:56'),
(44, 100, 'Exclusão de Registro', '2026-02-04 16:50:06'),
(199, 159, 'Alteração de Status de Viagem', '2026-03-29 16:54:18'),
(95, 144, 'Exportação de Relatório', '2026-01-16 19:26:59'),
(85, 147, 'Exportação de Relatório', '2026-02-08 19:37:30'),
(33, 190, 'Consulta de Cliente', '2026-04-06 01:56:20'),
(14, NULL, 'Consulta de Cliente', '2025-12-09 14:50:15'),
(191, 188, 'Consulta de Cliente', '2025-04-17 22:08:58'),
(77, 49, 'Alteração de Status de Viagem', '2025-03-05 15:38:43'),
(119, NULL, 'Exportação de Relatório', '2026-03-27 23:09:32'),
(136, NULL, 'Exclusão de Registro', '2025-09-13 07:59:55'),
(26, 53, 'Consulta de Contrato', '2026-01-21 12:26:36'),
(195, 134, 'Consulta de Contrato', '2026-02-11 12:19:30'),
(27, NULL, 'Emissão de Proposta', '2026-05-11 16:49:23'),
(8, NULL, 'Exportação de Relatório', '2025-12-04 10:07:39'),
(138, NULL, 'Consulta de Cliente', '2026-03-26 00:58:47'),
(63, 126, 'Consulta de Cliente', '2025-08-02 16:16:38'),
(87, 6, 'Edição de Cadastro', '2025-03-23 20:10:02'),
(114, 13, 'Exportação de Relatório', '2025-09-03 03:38:14'),
(38, 109, 'Consulta de Contrato', '2026-03-31 12:56:22'),
(54, NULL, 'Exportação de Relatório', '2025-03-11 11:06:03'),
(161, 81, 'Login no Sistema', '2025-12-27 22:15:09'),
(192, NULL, 'Exportação de Relatório', '2025-06-01 14:01:30'),
(33, 6, 'Consulta de Cliente', '2025-04-05 15:38:42'),
(148, NULL, 'Consulta de Cliente', '2025-01-09 02:31:36'),
(64, 137, 'Edição de Cadastro', '2026-03-22 10:54:45'),
(122, NULL, 'Exportação de Relatório', '2025-09-29 12:18:11'),
(32, NULL, 'Consulta de Contrato', '2025-02-02 19:49:50'),
(147, NULL, 'Exportação de Relatório', '2026-02-20 13:20:13'),
(26, 184, 'Consulta de Cliente', '2025-02-03 04:17:35'),
(73, NULL, 'Edição de Cadastro', '2025-08-21 12:02:36'),
(55, 53, 'Consulta de Contrato', '2025-02-24 02:54:24'),
(88, 136, 'Alteração de Status de Viagem', '2025-06-09 17:26:12'),
(98, 36, 'Alteração de Status de Viagem', '2025-03-03 06:10:00'),
(56, 131, 'Consulta de Contrato', '2026-03-18 10:48:38'),
(63, NULL, 'Emissão de Proposta', '2026-04-26 13:04:03'),
(16, 161, 'Exportação de Relatório', '2026-02-27 23:11:51'),
(83, 193, 'Consulta de Contrato', '2025-03-12 04:12:03'),
(94, 75, 'Alteração de Status de Viagem', '2026-06-02 00:47:08'),
(64, NULL, 'Exportação de Relatório', '2025-10-27 16:28:00'),
(97, NULL, 'Alteração de Status de Viagem', '2026-03-18 06:08:53'),
(48, 30, 'Consulta de Cliente', '2025-10-23 00:33:37'),
(75, NULL, 'Login no Sistema', '2026-05-28 15:45:03'),
(35, 62, 'Alteração de Status de Viagem', '2026-01-13 14:39:41'),
(47, 41, 'Consulta de Contrato', '2026-05-20 23:48:12'),
(97, 88, 'Emissão de Proposta', '2025-08-18 02:55:26'),
(46, 97, 'Exclusão de Registro', '2025-07-19 04:06:13'),
(18, 175, 'Consulta de Contrato', '2025-03-01 10:52:20'),
(9, 160, 'Alteração de Status de Viagem', '2025-09-09 03:18:16'),
(163, 86, 'Exclusão de Registro', '2025-11-15 03:23:57'),
(68, NULL, 'Exportação de Relatório', '2025-04-07 15:43:28'),
(10, NULL, 'Login no Sistema', '2025-04-16 03:27:34'),
(126, 3, 'Exclusão de Registro', '2025-04-21 20:18:20'),
(125, 109, 'Edição de Cadastro', '2026-01-31 10:30:02'),
(27, NULL, 'Exclusão de Registro', '2026-06-10 09:36:37'),
(70, 136, 'Emissão de Proposta', '2026-04-05 19:15:49'),
(82, 6, 'Consulta de Contrato', '2026-03-23 17:15:02'),
(12, 103, 'Exclusão de Registro', '2026-06-24 22:57:18'),
(194, 169, 'Login no Sistema', '2026-03-19 11:22:39'),
(45, NULL, 'Exclusão de Registro', '2026-04-22 15:33:54'),
(131, 70, 'Exportação de Relatório', '2025-09-30 07:45:03'),
(29, 61, 'Exportação de Relatório', '2026-02-22 14:17:26'),
(192, 35, 'Alteração de Status de Viagem', '2025-04-06 18:12:55'),
(117, NULL, 'Emissão de Proposta', '2025-01-17 12:33:25'),
(165, 142, 'Consulta de Cliente', '2025-03-24 01:36:50'),
(194, 70, 'Login no Sistema', '2025-06-07 17:57:59'),
(79, 152, 'Consulta de Cliente', '2026-01-29 23:57:29'),
(127, NULL, 'Alteração de Status de Viagem', '2025-12-11 05:36:47'),
(167, 132, 'Emissão de Proposta', '2025-07-01 18:45:18'),
(55, 195, 'Alteração de Status de Viagem', '2025-12-16 03:25:12'),
(4, 25, 'Emissão de Proposta', '2025-01-07 13:07:23'),
(155, NULL, 'Consulta de Cliente', '2025-09-29 03:49:08'),
(50, 164, 'Consulta de Contrato', '2025-01-19 00:19:52'),
(48, 102, 'Edição de Cadastro', '2025-09-28 19:52:53'),
(68, 11, 'Exclusão de Registro', '2025-02-22 16:15:28'),
(168, 60, 'Consulta de Cliente', '2026-04-20 17:50:17'),
(9, 92, 'Alteração de Status de Viagem', '2025-12-25 17:02:50'),
(35, NULL, 'Exclusão de Registro', '2025-02-21 11:38:14'),
(6, NULL, 'Alteração de Status de Viagem', '2026-06-20 12:35:50'),
(152, 70, 'Consulta de Cliente', '2026-03-15 20:51:03'),
(56, NULL, 'Exportação de Relatório', '2025-07-06 13:36:56'),
(142, 16, 'Alteração de Status de Viagem', '2026-04-24 13:24:51'),
(80, NULL, 'Edição de Cadastro', '2025-04-23 00:03:09'),
(193, NULL, 'Alteração de Status de Viagem', '2025-01-22 20:57:51'),
(151, 143, 'Alteração de Status de Viagem', '2025-04-28 07:16:45'),
(191, 66, 'Consulta de Contrato', '2025-06-08 23:37:31'),
(47, NULL, 'Consulta de Cliente', '2026-01-21 06:16:34'),
(77, 48, 'Exclusão de Registro', '2025-01-11 20:46:11'),
(68, 178, 'Emissão de Proposta', '2025-05-14 21:36:27'),
(108, NULL, 'Login no Sistema', '2025-01-28 12:45:43'),
(50, NULL, 'Consulta de Contrato', '2025-03-19 01:32:04'),
(177, 13, 'Alteração de Status de Viagem', '2025-01-10 07:40:53'),
(39, 115, 'Edição de Cadastro', '2025-02-13 13:36:12'),
(39, 9, 'Exportação de Relatório', '2025-07-03 15:40:02'),
(101, 107, 'Edição de Cadastro', '2025-02-24 10:21:24'),
(147, 105, 'Login no Sistema', '2025-01-08 17:58:24'),
(87, 155, 'Exportação de Relatório', '2025-01-24 07:42:28'),
(16, NULL, 'Emissão de Proposta', '2025-04-17 01:41:26'),
(86, 145, 'Login no Sistema', '2025-01-21 04:36:59'),
(119, NULL, 'Alteração de Status de Viagem', '2025-03-11 11:56:21'),
(49, 9, 'Alteração de Status de Viagem', '2025-05-14 08:04:15'),
(42, NULL, 'Emissão de Proposta', '2026-02-24 20:19:07'),
(98, 191, 'Alteração de Status de Viagem', '2025-02-28 16:44:10'),
(168, 37, 'Edição de Cadastro', '2025-04-04 04:02:08'),
(7, 65, 'Exportação de Relatório', '2025-08-05 23:02:47'),
(191, 29, 'Alteração de Status de Viagem', '2025-03-28 04:25:55'),
(146, NULL, 'Consulta de Cliente', '2026-01-04 03:16:23'),
(2, 79, 'Emissão de Proposta', '2025-11-13 04:11:29'),
(14, 38, 'Emissão de Proposta', '2025-08-23 05:00:29'),
(76, 34, 'Edição de Cadastro', '2025-10-08 01:03:46'),
(37, NULL, 'Consulta de Contrato', '2025-01-12 23:00:58'),
(37, NULL, 'Emissão de Proposta', '2026-04-02 11:46:02'),
(70, 37, 'Login no Sistema', '2026-03-30 02:15:54'),
(70, NULL, 'Alteração de Status de Viagem', '2026-01-04 12:34:54'),
(47, 6, 'Emissão de Proposta', '2026-06-08 19:46:55'),
(47, 161, 'Exportação de Relatório', '2025-09-03 07:03:20'),
(25, NULL, 'Edição de Cadastro', '2026-01-01 07:29:20'),
(105, NULL, 'Alteração de Status de Viagem', '2026-04-14 02:43:48'),
(77, 7, 'Edição de Cadastro', '2025-07-29 23:39:33'),
(89, 92, 'Exportação de Relatório', '2025-03-28 22:50:19'),
(98, NULL, 'Consulta de Cliente', '2025-03-24 13:35:14'),
(148, 82, 'Consulta de Cliente', '2025-05-13 14:37:44'),
(111, 104, 'Exclusão de Registro', '2026-04-17 04:46:52'),
(138, 66, 'Alteração de Status de Viagem', '2026-03-08 20:38:22'),
(110, 132, 'Consulta de Contrato', '2025-04-09 13:37:09'),
(55, 16, 'Login no Sistema', '2026-01-24 12:24:06'),
(135, NULL, 'Alteração de Status de Viagem', '2025-07-21 00:42:55'),
(7, 60, 'Alteração de Status de Viagem', '2026-05-26 13:52:37'),
(143, 145, 'Consulta de Cliente', '2026-03-21 04:44:51'),
(9, 159, 'Edição de Cadastro', '2025-03-08 14:34:15'),
(112, NULL, 'Login no Sistema', '2025-11-10 12:50:27'),
(147, 196, 'Emissão de Proposta', '2025-11-02 06:45:41'),
(156, 161, 'Edição de Cadastro', '2025-06-03 07:26:20'),
(84, 72, 'Exclusão de Registro', '2026-02-01 00:30:26'),
(112, NULL, 'Login no Sistema', '2026-01-27 14:24:14');
